time,open,high,low,close,volume
2022-01-26,8.5,11.95,8.5,10.55,881979200.0
2022-01-27,10.5,11.33,10.05,10.17,399821560.0
2022-01-28,10.03,10.84,9.07,10.51,267374360.0
2022-02-07,10.84,10.93,10.01,10.65,211856687.0
2022-02-08,10.31,10.69,9.72,10.32,192848950.0
2022-02-09,10.26,11.22,9.97,11.06,207079379.0
2022-02-10,10.93,10.96,9.95,9.96,198970736.0
2022-02-11,9.69,10.18,9.32,9.41,164957482.0
2022-02-14,9.3,9.59,9.18,9.42,69529202.0
2022-02-15,9.47,10.18,9.4,9.99,139622903.0
2022-02-16,10.08,10.55,10.02,10.42,116988370.0
2022-02-17,10.38,10.95,10.31,10.52,97291718.0
2022-02-18,10.43,10.91,10.38,10.52,67050403.0
2022-02-21,10.66,11.42,10.53,11.38,112630623.0
2022-02-22,11.19,12.18,10.96,11.65,109691844.0
2022-02-23,11.65,11.7,11.32,11.43,73302305.0
2022-02-24,11.43,12.2,11.21,11.64,131256600.0
2022-02-25,11.99,12.28,11.36,11.59,74772010.0
2022-02-28,11.79,12.82,11.4,12.5,115958790.0
2022-03-01,12.86,13.79,12.31,12.73,138961086.0
2022-03-02,12.89,13.05,12.18,12.86,111988095.0
2022-03-03,12.75,12.93,12.3,12.3,59774569.0
2022-03-04,12.2,12.81,12.1,12.33,68218186.0
2022-03-07,12.33,12.76,11.87,12.42,78230668.0
2022-03-08,12.47,13.2,12.14,12.52,109333049.0
2022-03-09,12.8,13.05,11.7,12.2,164835965.0
2022-03-10,12.5,13.38,12.43,12.9,160692520.0
2022-03-11,12.43,12.74,11.93,12.4,133792666.0
2022-03-14,12.13,12.75,11.99,12.31,86391849.0
2022-03-15,12.0,12.95,11.91,12.57,109592858.0
2022-03-16,12.65,12.85,11.44,12.32,153967732.0
2022-03-17,12.5,12.65,11.58,11.84,137667183.0
2022-03-18,11.7,11.95,11.3,11.83,72377588.0
2022-03-21,11.96,12.86,11.83,12.39,102176212.0
2022-03-22,12.25,12.68,12.0,12.27,86545066.0
2022-03-23,12.4,12.62,12.25,12.57,70376891.0
2022-03-24,12.6,12.6,11.83,12.19,64553345.0
2022-03-25,12.22,12.39,11.51,11.56,59997073.0
2022-03-28,11.54,11.73,11.27,11.56,46842752.0
2022-03-29,11.69,11.77,10.96,11.41,60904794.0
2022-03-30,11.5,12.27,11.46,12.2,82946892.0
2022-03-31,12.08,12.32,11.63,12.26,69257862.0
2022-04-01,12.05,12.35,11.91,12.18,38537524.0
2022-04-06,12.0,12.02,11.24,11.38,68096090.0
2022-04-07,11.34,11.34,10.68,10.92,73596924.0
2022-04-08,10.88,11.22,10.61,10.94,46036966.0
2022-04-11,10.9,10.94,10.28,10.82,52136142.0
2022-04-12,10.91,11.09,10.4,10.88,43603992.0
2022-04-13,10.77,11.06,10.6,10.75,31712832.0
2022-04-14,10.85,10.95,10.41,10.6,39286136.0
2022-04-15,10.53,10.55,10.11,10.35,36180253.0
2022-04-18,10.21,11.37,10.18,11.26,88735033.0
2022-04-19,11.45,11.98,11.37,11.48,53565041.0
2022-04-20,11.43,11.74,11.26,11.36,53212257.0
2022-04-21,11.25,11.6,10.88,10.97,37975206.0
2022-04-22,11.08,11.25,10.65,10.69,32549176.0
2022-04-25,10.53,11.03,10.29,10.32,49986234.0
2022-04-26,10.45,11.0,10.45,10.61,49428718.0
2022-04-27,10.55,12.25,10.51,12.25,70248623.0
2022-04-28,12.0,13.13,11.91,12.79,70528069.0
2022-04-29,12.47,12.84,12.18,12.67,66532515.0
2022-05-05,12.86,13.18,12.5,12.55,41817564.0
2022-05-06,12.15,12.55,12.12,12.18,43425132.0
2022-05-09,12.15,13.13,12.15,12.88,66342091.0
2022-05-10,12.6,13.45,12.58,13.06,61084587.0
2022-05-11,13.05,13.63,12.91,12.98,68530306.0
2022-05-12,12.91,13.03,12.21,12.55,60455747.0
2022-05-13,12.64,12.68,12.29,12.53,32281021.0
2022-05-16,12.65,12.77,11.87,12.42,47516922.0
2022-05-17,12.3,13.13,12.21,13.1,54083592.0
2022-05-18,13.11,13.45,12.81,13.28,52563433.0
2022-05-19,13.17,14.6,13.08,14.1,88947446.0
2022-05-20,14.1,14.59,13.97,14.39,54289147.0
2022-05-23,14.42,14.42,13.89,14.3,45607927.0
2022-05-24,14.23,14.39,13.76,13.79,41302409.0
2022-05-25,13.8,14.28,13.7,14.07,39251253.0
2022-05-26,14.06,14.45,13.86,13.98,42087802.0
2022-05-27,14.1,14.22,13.82,14.2,29793775.0
2022-05-30,14.29,14.4,14.04,14.33,30164395.0
2022-05-31,14.54,14.58,13.88,13.95,62081652.0
2022-06-01,13.9,14.12,13.53,13.75,55653036.0
2022-06-02,13.69,14.27,13.66,14.22,55145068.0
2022-06-06,14.28,15.65,14.02,15.48,80929813.0
2022-06-07,15.78,16.049999,15.36,15.88,72608379.0
2022-06-08,15.8,16.049999,15.12,15.7,57962072.0
2022-06-09,15.6,15.79,15.21,15.59,43652546.0
2022-06-10,15.4,16.219999,15.25,15.81,77527400.0
2022-06-13,15.65,15.83,15.33,15.55,47366016.0
2022-06-14,15.4,15.54,14.42,15.19,69564587.0
2022-06-15,15.15,15.21,14.16,14.44,71904708.0
2022-06-16,14.4,15.01,14.4,14.6,46565482.0
2022-06-17,14.35,14.91,14.33,14.5,48278103.0
2022-06-20,14.64,15.12,14.42,14.79,46600596.0
2022-06-21,14.7,15.59,14.25,14.63,70607949.0
2022-06-22,14.65,15.4,14.57,15.1,60304972.0
2022-06-23,14.91,15.65,14.74,15.48,48855068.0
2022-06-24,15.49,15.81,15.16,15.35,53520074.0
2022-06-27,15.42,15.6,14.79,14.9,83763865.0
2022-06-28,15.19,15.68,14.58,15.68,58049750.0
2022-06-29,15.47,15.65,14.9,14.92,45536550.0
2022-06-30,14.83,15.32,14.68,14.93,46016745.0
2022-07-01,14.96,15.11,13.88,14.02,96012667.0
2022-07-04,13.96,14.8,13.78,14.7,69939434.0
2022-07-05,14.62,14.72,14.0,14.4,48488085.0
2022-07-06,14.41,14.68,14.21,14.25,30854824.0
2022-07-07,14.22,14.86,13.9,14.78,51428092.0
2022-07-08,15.07,15.23,14.37,14.38,38690610.0
2022-07-11,14.2,14.41,13.91,14.29,32974196.0
2022-07-12,14.18,14.5,13.82,13.82,30179210.0
2022-07-13,13.89,14.5,13.77,14.22,37170027.0
2022-07-14,14.25,14.7,14.18,14.33,39139484.0
2022-07-15,14.17,14.59,14.0,14.16,29401709.0
2022-07-18,14.25,14.35,13.46,14.0,58478719.0
2022-07-19,13.8,13.91,13.25,13.34,52770514.0
2022-07-20,13.37,13.84,13.37,13.7,39210189.0
2022-07-21,13.66,14.8,13.61,14.41,62697821.0
2022-07-22,14.37,14.88,14.21,14.73,41243234.0
2022-07-25,14.7,14.82,14.3,14.3,26539114.0
2022-07-26,14.34,15.48,13.8,15.34,87310012.0
2022-07-27,15.32,17.01,15.21,17.01,78232842.0
2022-07-28,16.99,18.200001,16.73,17.299999,74034292.0
2022-07-29,17.200001,17.860001,17.200001,17.379999,30063791.0
2022-08-01,17.309999,17.35,16.690001,16.91,38017746.0
2022-08-02,16.5,17.65,16.5,17.110001,42700786.0
2022-08-03,17.1,17.389999,16.4,16.549999,37762704.0
2022-08-04,16.610001,16.99,16.299999,16.549999,25140246.0
2022-08-05,16.48,16.799999,16.299999,16.42,26934559.0
2022-08-08,16.34,16.48,15.9,16.459999,33553243.0
2022-08-09,16.5,18.5,16.33,18.389999,75740545.0
2022-08-10,18.33,19.25,18.07,18.610001,61655742.0
2022-08-11,18.77,19.129999,18.049999,18.700001,38194952.0
2022-08-12,18.57,18.790001,18.01,18.059999,29276450.0
2022-08-15,17.91,18.93,17.91,18.4,32422486.0
2022-08-16,18.35,19.17,18.18,18.92,37907218.0
2022-08-17,18.82,19.35,18.110001,18.360001,38865265.0
2022-08-18,18.290001,18.620001,18.02,18.299999,34900422.0
2022-08-19,18.24,18.290001,17.059999,17.35,76470612.0
2022-08-22,17.1,17.32,16.370001,17.030001,72560190.0
2022-08-23,16.950001,17.530001,16.879999,17.02,49416169.0
2022-08-24,17.040001,17.43,16.799999,16.969999,48552172.0
2022-08-25,16.969999,17.23,15.94,16.18,45591990.0
2022-08-26,16.65,16.65,15.7,15.93,36802495.0
2022-08-29,16.030001,18.030001,16.0,17.440001,82414029.0
2022-08-30,17.450001,18.389999,16.93,17.58,54461953.0
2022-08-31,17.629999,17.969999,16.6,16.700001,43015048.0
2022-09-01,16.68,17.84,16.610001,17.459999,50518178.0
2022-09-02,17.469999,17.940001,16.809999,17.309999,46123740.0
2022-09-05,17.23,17.879999,16.85,17.17,38046894.0
2022-09-06,17.4,18.75,16.75,18.67,62350296.0
2022-09-07,18.299999,19.129999,18.209999,18.59,44950571.0
2022-09-08,18.530001,18.83,18.209999,18.370001,35914644.0
2022-09-09,18.25,18.51,17.77,18.139999,27686109.0
2022-09-13,18.299999,18.48,17.540001,17.66,38511314.0
2022-09-14,17.48,17.82,17.1,17.360001,26528529.0
2022-09-15,17.48,17.540001,16.139999,16.41,49647037.0
2022-09-16,16.24,17.18,16.24,16.700001,41031932.0
2022-09-19,16.799999,17.120001,16.4,16.540001,22845562.0
2022-09-20,16.780001,18.15,16.780001,17.709999,42894443.0
2022-09-21,17.83,18.1,17.41,17.68,28786024.0
2022-09-22,17.5,18.280001,17.42,18.040001,30929105.0
2022-09-23,17.870001,18.49,17.860001,17.950001,25955006.0
2022-09-26,17.84,18.32,17.73,17.91,28888850.0
2022-09-27,18.0,18.08,16.879999,17.57,42277782.0
2022-09-28,17.49,18.08,17.1,17.200001,28325471.0
2022-09-29,17.35,17.629999,16.690001,17.41,27168221.0
2022-09-30,17.290001,17.360001,16.549999,16.67,33221647.0
2022-10-10,16.6,16.790001,16.049999,16.120001,23752438.0
2022-10-11,16.1,16.76,16.1,16.24,28816375.0
2022-10-12,16.299999,16.99,15.51,16.780001,34494426.0
2022-10-13,16.620001,16.98,16.17,16.59,36650289.0
2022-10-14,16.860001,18.02,16.440001,17.790001,59178815.0
2022-10-17,17.4,17.459999,16.82,17.120001,30392055.0
2022-10-18,17.049999,17.209999,16.9,16.9,18981206.0
2022-10-19,16.879999,17.08,16.4,16.450001,20845072.0
2022-10-20,16.27,16.299999,15.73,15.84,34855933.0
2022-10-21,16.1,16.700001,15.92,16.4,40214053.0
2022-10-24,16.35,16.99,16.33,16.5,27391396.0
2022-10-25,16.4,17.27,16.0,16.879999,36756635.0
2022-10-26,16.91,17.67,16.85,17.41,41138301.0
2022-10-27,17.809999,18.790001,17.200001,17.25,44129534.0
2022-10-28,17.1,17.57,16.93,17.17,31990248.0
2022-10-31,17.450001,17.49,15.88,16.299999,52537697.0
2022-11-01,16.299999,17.08,16.280001,16.700001,47908079.0
2022-11-02,16.700001,18.07,16.57,17.780001,53833972.0
2022-11-03,17.780001,18.52,17.66,18.17,38468255.0
2022-11-04,18.290001,18.809999,18.059999,18.58,36966311.0
2022-11-07,18.459999,19.0,18.219999,18.74,36989935.0
2022-11-08,18.75,18.969999,18.360001,18.59,17808804.0
2022-11-09,18.629999,18.75,17.66,17.82,28210114.0
2022-11-10,17.870001,17.91,17.26,17.700001,24467046.0
2022-11-11,18.219999,18.33,17.450001,17.620001,27090272.0
2022-11-14,17.540001,17.73,16.82,16.99,25200896.0
2022-11-15,16.959999,17.58,16.9,17.379999,25585592.0
2022-11-16,17.34,17.530001,16.84,16.959999,20606169.0
2022-11-17,16.799999,16.9,16.41,16.790001,30994572.0
2022-11-18,16.709999,17.35,16.469999,16.98,30521497.0
2022-11-21,17.01,17.27,16.780001,16.99,16081054.0
2022-11-22,16.879999,16.98,15.9,16.85,67604292.0
2022-11-23,16.879999,17.129999,16.309999,16.879999,33680729.0
2022-11-24,16.76,16.940001,16.4,16.52,23721188.0
2022-11-25,16.469999,16.5,15.99,16.0,31936823.0
2022-11-28,15.82,16.129999,15.73,15.9,18542374.0
2022-11-29,15.98,16.07,15.68,15.73,27314488.0
2022-11-30,15.76,15.82,14.96,15.08,51300558.0
2022-12-01,15.38,15.55,15.24,15.36,30498386.0
2022-12-02,15.3,16.25,15.3,15.89,58612218.0
2022-12-05,16.280001,16.35,15.37,15.61,47897809.0
2022-12-06,15.5,15.57,15.02,15.2,36488170.0
2022-12-07,15.18,15.21,14.46,14.64,47543429.0
2022-12-08,14.6,15.08,14.54,14.58,48417679.0
2022-12-09,14.66,14.69,13.98,14.04,62354139.0
2022-12-12,14.15,14.28,13.77,14.05,36601746.0
2022-12-13,14.07,14.12,13.24,13.26,60834079.0
2022-12-14,13.32,13.38,12.76,12.92,56352925.0
2022-12-15,12.91,13.27,12.75,13.25,47871537.0
2022-12-16,13.11,13.41,13.01,13.16,36474911.0
2022-12-19,13.11,13.59,13.08,13.33,41542571.0
2022-12-20,13.35,13.82,13.16,13.74,49729378.0
2022-12-21,13.74,13.78,13.01,13.15,37150844.0
2022-12-22,13.15,13.28,12.54,12.57,45155423.0
2022-12-23,12.26,12.8,12.22,12.44,46608621.0
2022-12-26,12.54,14.49,12.4,14.33,93653644.0
2022-12-27,14.5,15.07,14.41,14.81,64211391.0
2022-12-28,14.69,14.97,14.61,14.82,41300200.0
2022-12-29,14.72,15.2,14.65,14.76,30200210.0
2022-12-30,14.8,15.02,14.58,14.65,27537918.0
2023-01-03,14.61,15.12,14.36,14.89,46357632.0
2023-01-04,14.91,14.98,14.4,14.53,31669777.0
2023-01-05,14.51,15.35,14.43,15.06,52357950.0
2023-01-06,15.43,17.0,15.36,16.43,97942293.0
2023-01-09,16.700001,17.110001,16.209999,16.67,55588741.0
2023-01-10,16.799999,17.190001,16.540001,16.639999,29667205.0
2023-01-11,16.620001,16.65,15.85,15.96,38719972.0
2023-01-12,16.07,16.280001,15.83,16.01,29892887.0
2023-01-13,16.02,16.35,15.7,16.24,31339612.0
2023-01-16,16.1,16.219999,15.31,15.54,86326035.0
2023-01-17,15.69,15.79,15.41,15.68,31497492.0
2023-01-18,15.65,15.98,15.21,15.79,28612674.0
2023-01-19,15.67,15.82,15.4,15.58,20186140.0
2023-01-20,15.6,15.93,15.49,15.73,25965583.0
2023-01-30,16.049999,16.370001,15.14,15.3,82219744.0
2023-01-31,15.33,16.08,15.25,15.5,63014583.0
2023-02-01,15.56,15.98,15.44,15.8,54873723.0
2023-02-02,15.65,15.92,15.0,15.1,73125491.0
2023-02-03,15.11,15.2,14.81,15.12,37208668.0
2023-02-06,15.01,15.05,14.66,14.9,40652105.0
2023-02-07,14.89,15.24,14.58,14.63,35132051.0
2023-02-08,14.61,14.75,14.5,14.58,31143528.0
2023-02-09,14.54,15.0,14.51,14.69,44796952.0
2023-02-10,14.71,14.72,14.3,14.34,31272590.0
2023-02-13,14.34,14.67,14.25,14.5,33513849.0
2023-02-14,14.61,14.69,14.38,14.49,35525287.0
2023-02-15,14.49,14.78,14.43,14.46,47778228.0
2023-02-16,14.47,14.88,14.27,14.46,61842187.0
2023-02-17,14.46,14.52,14.21,14.25,39923901.0
2023-02-20,14.16,14.73,14.11,14.6,42969993.0
2023-02-21,14.68,14.93,14.42,14.6,50168659.0
2023-02-22,14.53,14.7,14.35,14.35,37012300.0
2023-02-23,14.36,15.2,14.36,15.06,87585311.0
2023-02-24,15.1,15.33,14.94,15.08,61313734.0
2023-02-27,14.95,15.86,14.93,15.61,66296119.0
2023-02-28,15.63,15.69,15.2,15.55,65204765.0
2023-03-01,15.6,15.64,15.01,15.04,69716187.0
2023-03-02,15.25,15.28,14.68,14.7,46603446.0
2023-03-03,14.85,14.86,14.51,14.57,35542504.0
2023-03-06,14.6,15.65,14.53,15.42,83242409.0
2023-03-07,15.34,15.7,15.22,15.38,48733018.0
2023-03-08,15.41,15.79,15.28,15.44,53372804.0
2023-03-09,15.39,15.71,15.3,15.59,34907616.0
2023-03-10,15.5,16.030001,15.12,15.7,65548300.0
2023-03-13,15.51,15.75,15.28,15.42,48416073.0
2023-03-14,15.46,15.5,14.65,15.0,69627015.0
2023-03-15,15.15,15.23,14.95,15.01,34059564.0
2023-03-16,14.93,15.04,13.36,13.99,111715912.0
2023-03-17,13.83,13.95,13.19,13.24,94919453.0
2023-03-20,13.2,14.22,12.93,13.9,80144816.0
2023-03-21,13.91,14.45,13.8,14.36,45336665.0
2023-03-22,14.59,14.88,14.1,14.28,43252359.0
2023-03-23,14.15,14.3,13.82,14.1,37932818.0
2023-03-24,14.09,14.37,13.81,13.92,34381175.0
2023-03-27,14.1,14.3,13.85,14.08,38598470.0
2023-03-28,14.07,14.13,13.83,13.87,23419538.0
2023-03-29,13.96,14.09,13.58,13.71,29568136.0
2023-03-30,13.71,14.18,13.62,14.01,34939489.0
2023-03-31,14.08,14.32,13.91,13.93,36656176.0
2023-04-03,13.95,14.28,13.81,14.14,34760554.0
2023-04-04,14.17,14.19,13.42,13.63,54291272.0
2023-04-06,13.65,13.72,13.35,13.67,36185489.0
2023-04-07,13.59,14.07,13.59,13.72,35457967.0
2023-04-10,13.72,13.98,13.5,13.73,38195268.0
2023-04-11,13.72,13.86,13.46,13.61,41295346.0
2023-04-12,13.62,13.72,13.28,13.32,46602659.0
2023-04-13,13.36,13.49,13.13,13.15,42250101.0
2023-04-14,13.16,13.29,12.96,13.11,34949924.0
2023-04-17,13.08,13.53,13.05,13.46,38198008.0
2023-04-18,13.47,13.8,13.47,13.62,54308028.0
2023-04-19,13.56,13.64,13.15,13.33,40297820.0
2023-04-20,13.1,13.2,12.59,12.63,68525579.0
2023-04-21,12.6,12.93,12.38,12.43,33417996.0
2023-04-24,12.8,12.9,12.0,12.34,67886484.0
2023-04-25,12.31,12.57,11.94,12.0,46408038.0
2023-04-26,12.07,13.07,11.89,12.73,79292297.0
2023-04-27,12.7,12.83,12.46,12.6,41258606.0
2023-04-28,12.68,12.68,12.36,12.52,36342810.0
2023-05-04,12.21,12.74,12.1,12.3,54714623.0
2023-05-05,12.34,12.35,11.91,12.17,42941497.0
2023-05-08,12.26,12.26,11.91,11.99,36422793.0
2023-05-09,12.0,12.16,11.64,11.7,41732626.0
2023-05-10,11.51,11.6,11.12,11.49,60862927.0
2023-05-11,11.48,11.98,11.39,11.68,42176340.0
2023-05-12,11.62,11.83,11.31,11.31,28002259.0
2023-05-15,11.38,12.1,11.3,12.03,54168237.0
2023-05-16,12.0,12.33,11.91,12.11,35099332.0
2023-05-17,12.19,12.53,12.12,12.33,40909403.0
2023-05-18,12.35,12.42,12.1,12.19,37147544.0
2023-05-19,12.2,12.37,12.07,12.31,21777338.0
2023-05-22,12.3,12.71,12.22,12.55,32342897.0
2023-05-23,12.51,12.98,12.48,12.8,45313863.0
2023-05-24,12.74,13.44,12.68,13.03,80958800.0
2023-05-25,13.08,13.83,12.88,13.41,88102954.0
2023-05-26,13.3,13.31,12.62,13.06,60410726.0
2023-05-29,13.0,13.13,12.1,12.34,92772729.0
2023-05-30,12.4,12.68,12.12,12.31,45982763.0
2023-05-31,12.3,12.73,12.1,12.73,77794060.0
2023-06-01,12.58,12.59,12.17,12.23,52966636.0
2023-06-02,12.29,12.64,12.19,12.5,40442283.0
2023-06-05,12.52,12.53,11.96,11.97,46927045.0
2023-06-06,11.96,11.98,11.6,11.73,58174609.0
2023-06-07,11.77,11.85,11.49,11.6,42469750.0
2023-06-08,11.57,11.95,11.55,11.67,60790249.0
2023-06-09,11.67,12.89,11.56,12.71,159535217.0
2023-06-12,12.8,12.84,12.48,12.65,80090979.0
2023-06-13,12.65,12.79,12.32,12.44,54814432.0
2023-06-14,12.49,12.53,12.15,12.18,40517849.0
2023-06-15,12.21,13.29,12.11,13.16,95031207.0
2023-06-16,13.31,13.73,13.29,13.48,106123682.0
2023-06-19,13.48,13.72,13.3,13.64,62268361.0
2023-06-20,13.55,13.7,13.37,13.48,42821964.0
2023-06-21,13.45,13.65,13.29,13.35,38920797.0
2023-06-26,13.42,14.3,13.24,13.76,79643247.0
2023-06-27,13.76,14.57,13.51,14.03,97335608.0
2023-06-28,14.05,14.29,13.81,14.21,61989344.0
2023-06-29,14.25,14.53,13.88,14.0,58397398.0
2023-06-30,14.0,14.38,13.73,14.06,45271160.0
2023-07-03,14.09,14.35,13.86,14.15,52401379.0
2023-07-04,13.99,14.14,13.58,13.65,52937995.0
2023-07-05,13.64,13.64,13.19,13.26,51856259.0
2023-07-06,13.27,13.42,12.88,12.95,47998902.0
2023-07-07,12.96,12.96,12.49,12.52,46711778.0
2023-07-10,12.6,13.29,12.52,13.12,48678748.0
2023-07-11,13.05,13.15,12.78,12.84,29578303.0
2023-07-12,12.83,13.02,12.35,12.9,57612725.0
2023-07-13,12.9,13.25,12.86,13.08,40938371.0
2023-07-14,12.97,13.01,12.28,12.5,63556060.0
2023-07-17,12.73,12.87,12.43,12.56,62383363.0
2023-07-18,12.61,12.62,12.29,12.36,37410647.0
2023-07-19,12.38,12.39,12.04,12.2,35653064.0
2023-07-20,12.27,12.44,12.21,12.27,28606596.0
2023-07-21,12.26,12.3,12.01,12.07,32016834.0
2023-07-24,12.0,12.24,11.93,11.98,22552323.0
2023-07-25,12.21,12.59,12.18,12.47,43070241.0
2023-07-26,12.46,12.69,12.37,12.44,25224706.0
2023-07-27,12.46,12.56,12.33,12.37,16354557.0
2023-07-28,12.3,12.7,12.21,12.59,30663619.0
2023-07-31,12.59,12.76,12.41,12.43,35891274.0
2023-08-01,12.43,12.48,12.03,12.14,43819750.0
2023-08-02,12.13,12.24,12.06,12.13,22558098.0
2023-08-03,12.1,12.46,12.1,12.26,32522430.0
2023-08-04,12.3,12.43,12.13,12.36,37281298.0
2023-08-07,12.35,12.38,12.14,12.23,23767649.0
2023-08-08,12.25,12.39,12.07,12.09,25099140.0
2023-08-09,12.09,12.17,11.96,12.06,17445625.0
2023-08-10,12.0,12.33,12.0,12.22,23863937.0
2023-08-11,12.26,12.26,11.96,11.98,26423610.0
2023-08-14,11.83,11.9,11.59,11.84,31764079.0
2023-08-15,11.81,11.81,10.32,10.42,131752880.0
2023-08-16,10.53,10.65,10.35,10.45,57370008.0
2023-08-17,10.43,10.74,10.3,10.69,38128042.0
2023-08-18,10.79,10.96,10.71,10.71,28350143.0
2023-08-21,10.7,10.74,10.32,10.34,36783717.0
2023-08-22,10.42,10.44,9.92,10.24,48208692.0
2023-08-23,10.2,10.2,9.94,9.98,28344960.0
2023-08-24,9.96,10.49,9.96,10.37,44139347.0
2023-08-25,10.3,10.52,10.22,10.41,27609463.0
2023-08-28,11.11,11.2,10.58,10.62,53634796.0
2023-08-29,10.51,10.99,10.48,10.95,39955828.0
2023-08-30,11.15,11.29,10.78,10.91,39370918.0
2023-08-31,10.88,11.0,10.61,10.76,42559438.0
2023-09-01,10.76,10.8,10.66,10.77,20782735.0
2023-09-04,10.77,10.85,10.6,10.65,43111775.0
2023-09-05,10.65,10.89,10.54,10.77,35857531.0
2023-09-06,10.73,10.75,10.51,10.53,35205919.0
2023-09-07,10.48,10.53,10.12,10.12,46586813.0
2023-09-08,10.07,10.22,10.02,10.15,22051230.0
2023-09-11,10.17,10.27,10.06,10.12,39278096.0
2023-09-12,10.11,10.22,9.94,10.1,34336240.0
2023-09-13,10.12,10.16,9.81,9.92,38905432.0
2023-09-14,9.9,9.94,9.73,9.79,28652685.0
2023-09-15,9.83,9.98,9.74,9.97,35246566.0
2023-09-18,9.81,10.04,9.69,9.97,33668583.0
2023-09-19,9.98,10.03,9.81,9.81,20505813.0
2023-09-20,9.83,9.92,9.76,9.83,15392500.0
2023-09-21,9.76,9.92,9.73,9.84,20619098.0
2023-09-22,9.82,9.99,9.76,9.98,25316176.0
2023-09-25,9.93,10.03,9.83,9.91,25769904.0
2023-09-26,9.9,10.01,9.75,9.76,22627973.0
2023-09-27,9.81,10.31,9.8,10.12,63128697.0
2023-09-28,10.08,10.3,10.06,10.1,26282554.0
2023-10-09,9.97,10.06,9.73,9.75,37172932.0
2023-10-10,9.8,9.83,9.270001,9.31,55828877.0
2023-10-11,9.47,9.63,9.32,9.520001,48079001.0
2023-10-12,9.49,9.78,9.45,9.63,32388785.0
2023-10-13,9.58,9.62,9.3,9.4,24151194.0
2023-10-16,9.4,9.51,9.23,9.34,23219694.0
2023-10-17,9.34,9.4,9.23,9.28,23025500.0
2023-10-18,9.26,9.28,9.07,9.09,31039042.0
2023-10-19,9.38,9.62,9.22,9.32,57551821.0
2023-10-20,9.25,9.57,9.14,9.56,69127741.0
2023-10-23,9.42,9.46,9.14,9.25,38864762.0
2023-10-24,9.23,9.32,9.11,9.26,26866870.0
2023-10-25,9.270001,9.43,9.23,9.26,22160308.0
2023-10-26,9.17,9.17,8.92,9.14,30371718.0
2023-10-27,9.11,9.47,9.03,9.4,36623362.0
2023-10-30,9.31,9.46,9.25,9.37,39023433.0
2023-10-31,9.72,9.8,9.35,9.48,99365783.0
2023-11-01,9.62,9.68,9.15,9.2,73811950.0
2023-11-02,9.11,9.17,8.88,8.88,52869478.0
2023-11-03,8.94,9.19,8.94,9.020001,59549816.0
2023-11-06,9.07,9.65,9.05,9.44,121609382.0
2023-11-07,9.38,9.39,9.12,9.17,93307903.0
2023-11-08,9.15,9.79,9.13,9.58,168074542.0
2023-11-09,9.59,10.52,9.5,10.11,230169162.0
2023-11-10,10.0,10.14,9.9,10.02,83771637.0
2023-11-13,10.1,10.22,9.96,10.15,71214446.0
2023-11-14,10.26,10.59,10.11,10.45,125659613.0
2023-11-15,10.75,10.79,10.21,10.3,115640646.0
2023-11-16,10.24,10.27,9.94,10.02,66632563.0
2023-11-17,9.93,10.11,9.93,10.03,40754451.0
2023-11-20,10.02,10.05,9.68,9.770001,65987427.0
2023-11-21,9.770001,10.01,9.770001,9.85,66141758.0
2023-11-22,9.78,9.84,9.67,9.68,39922121.0
2023-11-23,9.770001,10.1,9.76,10.02,79436884.0
2023-11-24,9.95,10.05,9.84,9.88,38268025.0
2023-11-27,9.8,9.83,9.45,9.45,62271866.0
2023-11-28,9.43,9.46,9.18,9.25,61814921.0
2023-11-29,9.26,9.270001,9.04,9.06,44406760.0
2023-11-30,9.07,9.13,8.79,8.88,67061543.0
2023-12-01,8.87,8.88,8.73,8.88,39635814.0
2023-12-04,8.93,8.94,8.72,8.72,42782905.0
2023-12-05,8.7,8.83,8.63,8.64,32226643.0
2023-12-06,8.6,8.85,8.57,8.69,45588396.0
2023-12-07,8.66,8.76,8.42,8.73,58345719.0
2023-12-08,8.7,8.74,8.6,8.74,52274067.0
2023-12-11,8.69,8.72,8.520001,8.69,37763261.0
2023-12-12,8.7,8.74,8.55,8.59,32133972.0
2023-12-13,8.55,8.55,8.33,8.33,45097778.0
2023-12-14,8.41,8.49,8.34,8.34,25507070.0
2023-12-15,8.39,8.54,8.33,8.37,41019396.0
2023-12-18,8.33,8.41,8.11,8.15,38896816.0
2023-12-19,8.15,8.31,8.1,8.16,36546432.0
2023-12-20,8.19,8.21,8.01,8.03,32317753.0
2023-12-21,7.97,8.34,7.95,8.25,58093021.0
2023-12-22,8.25,8.47,8.16,8.37,51407262.0
2023-12-25,8.38,8.56,8.35,8.47,38285774.0
2023-12-26,8.45,8.51,8.36,8.37,23013613.0
2023-12-27,8.39,8.42,8.12,8.39,29049174.0
2023-12-28,8.35,9.06,8.33,8.98,102687237.0
2023-12-29,8.97,9.020001,8.81,8.86,57970971.0
2024-01-02,8.83,8.89,8.7,8.71,38259340.0
2024-01-03,8.64,8.79,8.6,8.66,33995870.0
2024-01-04,8.64,8.67,8.44,8.520001,34154805.0
2024-01-05,8.5,8.61,8.36,8.4,28474144.0
2024-01-08,8.38,8.55,8.3,8.35,31706500.0
2024-01-09,8.39,8.69,8.22,8.46,42357781.0
2024-01-10,8.4,8.65,8.36,8.49,35714114.0
2024-01-11,8.46,8.69,8.44,8.69,41210431.0
2024-01-12,8.62,8.96,8.6,8.71,54711464.0
2024-01-15,8.66,8.8,8.56,8.67,28892529.0
2024-01-16,8.65,9.04,8.56,8.92,54615342.0
2024-01-17,8.86,8.95,8.66,8.68,33237546.0
2024-01-18,8.61,9.1,8.57,9.1,75211275.0
2024-01-19,9.05,9.26,9.01,9.15,70557647.0
2024-01-22,9.04,9.1,8.72,8.83,51407458.0
2024-01-23,8.82,9.35,8.81,9.21,74839485.0
2024-01-24,9.26,9.31,8.92,9.19,51522529.0
2024-01-25,9.14,9.18,8.92,9.11,56264457.0
2024-01-26,9.0,9.22,9.0,9.04,31802227.0
2024-01-29,9.07,9.08,8.05,8.08,101273573.0
2024-01-30,8.06,8.25,7.96,7.99,48305487.0
2024-01-31,7.97,8.15,7.81,7.94,47778114.0
2024-02-01,7.9,8.14,7.89,8.0,40314572.0
2024-02-02,8.03,8.08,7.75,7.93,45804998.0
2024-02-05,7.95,7.98,7.28,7.7,47707434.0
2024-02-06,7.65,8.18,7.56,8.09,49585410.0
2024-02-07,8.11,8.28,8.0,8.06,47412134.0
2024-02-08,8.18,8.29,8.1,8.270001,47405181.0
2024-02-19,8.36,8.36,8.16,8.23,40864556.0
2024-02-20,8.19,8.2,8.04,8.12,38848693.0
2024-02-21,8.06,8.39,8.0,8.24,55326842.0
2024-02-22,8.21,8.520001,8.2,8.37,49116317.0
2024-02-23,8.5,8.78,8.44,8.55,55371895.0
2024-02-26,8.66,8.67,8.41,8.47,41472940.0
2024-02-27,8.42,8.6,8.4,8.6,37969751.0
2024-02-28,8.8,8.99,8.53,8.55,79549318.0
2024-02-29,8.59,8.83,8.55,8.83,64641074.0
2024-03-01,8.9,8.9,8.71,8.82,46214341.0
2024-03-04,8.82,8.97,8.73,8.8,53397206.0
2024-03-05,8.7,8.8,8.67,8.74,37313425.0
2024-03-06,8.74,9.23,8.67,8.94,71561742.0
2024-03-07,8.97,9.04,8.7,8.73,47443397.0
2024-03-08,8.76,9.13,8.76,9.1,70301264.0
2024-03-11,9.28,9.45,9.18,9.37,81414872.0
2024-03-12,9.42,9.43,9.21,9.26,58655007.0
2024-03-13,9.2,9.3,9.11,9.13,38575851.0
2024-03-14,9.15,9.19,8.87,8.96,42024700.0
2024-03-15,8.91,9.020001,8.8,8.93,35941132.0
2024-03-18,8.97,9.05,8.87,9.020001,36514072.0
2024-03-19,9.07,9.19,8.9,8.9,38646540.0
2024-03-20,8.86,9.01,8.83,8.89,26442431.0
2024-03-21,8.86,8.88,8.65,8.69,39738604.0
2024-03-22,8.66,8.68,8.28,8.3,52474904.0
2024-03-25,8.26,8.31,8.12,8.14,37007344.0
2024-03-26,8.14,8.33,8.1,8.31,33610113.0
2024-03-27,8.31,8.34,8.13,8.14,29259588.0
2024-03-28,8.270001,8.44,8.21,8.25,33266980.0
2024-03-29,8.21,8.35,8.2,8.28,21027465.0
2024-04-01,8.25,8.38,8.24,8.38,39470042.0
2024-04-02,8.37,8.38,8.21,8.24,28786821.0
2024-04-03,8.23,8.26,7.97,8.04,44646114.0
2024-04-08,8.01,8.03,7.85,7.85,38932845.0
2024-04-09,7.86,8.05,7.86,8.04,25568763.0
2024-04-10,8.04,8.1,7.86,7.91,20073248.0
2024-04-11,7.9,7.96,7.8,7.8,23491392.0
2024-04-12,7.8,7.83,7.42,7.49,54162182.0
2024-04-15,7.52,7.71,7.47,7.64,39892366.0
2024-04-16,7.61,7.65,7.45,7.5,27423633.0
2024-04-17,7.54,7.73,7.52,7.73,32158938.0
2024-04-18,7.72,7.89,7.58,7.83,38092973.0
2024-04-19,7.77,7.81,7.58,7.63,30861213.0
2024-04-22,7.64,7.76,7.51,7.53,34589226.0
2024-04-23,7.62,7.74,7.44,7.5,34717054.0
2024-04-24,7.55,7.56,7.33,7.54,30799132.0
2024-04-25,7.55,7.7,7.48,7.59,34311885.0
2024-04-26,7.6,7.68,7.48,7.68,45404656.0
2024-04-29,7.21,7.66,7.21,7.55,93460930.0
2024-04-30,7.51,7.65,7.37,7.57,72277653.0
2024-05-06,7.63,7.82,7.62,7.77,65225916.0
2024-05-07,7.75,7.86,7.7,7.85,53681074.0
2024-05-08,7.86,7.87,7.62,7.62,56866649.0
2024-05-09,7.61,8.05,7.61,7.94,89977749.0
2024-05-10,7.94,8.04,7.84,8.020001,50224373.0
2024-05-13,7.81,7.92,7.79,7.86,44566174.0
2024-05-14,7.91,7.93,7.8,7.84,28377283.0
2024-05-15,7.9,8.03,7.73,7.74,33042514.0
2024-05-16,7.76,7.78,7.66,7.68,33034081.0
2024-05-17,7.61,7.62,7.32,7.49,77737483.0
2024-05-20,7.48,7.54,7.39,7.5,50576888.0
2024-05-21,7.47,7.48,7.37,7.37,31807519.0
2024-05-22,7.48,8.39,7.45,8.16,177420819.0
2024-05-23,8.08,8.1,7.81,7.88,78305383.0
2024-05-24,8.14,8.38,7.94,8.01,119493729.0
2024-05-27,8.0,8.03,7.63,7.85,77049697.0
2024-05-28,7.79,7.92,7.63,7.68,53701532.0
2024-05-29,7.76,8.2,7.76,7.98,116190459.0
2024-05-30,8.07,8.15,7.93,8.01,68727653.0
2024-05-31,8.020001,8.2,7.95,8.15,65058431.0
2024-06-03,8.12,8.66,8.03,8.54,167630795.0
2024-06-04,8.520001,8.88,8.39,8.75,111467515.0
2024-06-05,8.78,8.9,8.58,8.770001,76872359.0
2024-06-06,8.79,8.8,8.42,8.53,90607959.0
2024-06-07,8.35,8.520001,8.19,8.43,65555969.0
2024-06-11,8.42,8.71,8.34,8.51,81671637.0
2024-06-12,8.55,8.8,8.37,8.62,86915787.0
2024-06-13,8.64,8.95,8.64,8.74,115624326.0
2024-06-14,8.66,8.97,8.2,8.270001,273742410.0
2024-06-17,8.19,8.37,8.04,8.3,101845093.0
2024-06-18,8.270001,8.44,8.18,8.29,46879686.0
2024-06-19,8.25,8.34,8.13,8.22,43438000.0
2024-06-20,8.18,8.24,8.0,8.17,51549579.0
2024-06-21,8.22,8.36,7.99,8.12,47282441.0
2024-06-24,8.03,8.07,7.87,7.9,41134396.0
2024-06-25,7.87,7.93,7.52,7.56,54324348.0
2024-06-26,7.5,7.53,7.23,7.36,68999396.0
2024-06-27,7.32,7.32,7.1,7.13,45792992.0
2024-06-28,7.13,7.27,7.1,7.1,42467802.0
2024-07-01,7.11,7.32,7.07,7.27,37691602.0
2024-07-02,7.21,7.29,7.15,7.17,24842771.0
2024-07-03,7.18,7.25,7.13,7.18,19610330.0
2024-07-04,7.22,7.24,7.11,7.13,22226457.0
2024-07-05,7.09,7.23,7.09,7.15,23046750.0
2024-07-08,7.13,7.13,6.83,6.84,33546730.0
2024-07-09,6.84,7.27,6.71,7.26,49684244.0
2024-07-10,7.17,7.45,7.11,7.24,37523298.0
2024-07-11,7.35,7.5,7.28,7.38,29936729.0
2024-07-12,7.39,7.48,7.32,7.4,21740725.0
2024-07-15,7.39,7.39,7.21,7.26,15391401.0
2024-07-16,7.26,7.38,7.18,7.36,25585594.0
2024-07-17,7.85,7.98,7.5,7.5,59997193.0
2024-07-18,7.37,7.67,7.28,7.56,48315963.0
2024-07-19,7.51,7.55,7.33,7.53,46071546.0
2024-07-22,7.46,7.52,7.38,7.46,29194356.0
2024-07-23,7.42,7.49,7.26,7.26,22599747.0
2024-07-24,7.25,7.28,7.0,7.01,29849869.0
2024-07-25,7.05,7.45,6.98,7.33,46800749.0
2024-07-26,7.25,7.41,7.25,7.34,25135616.0
2024-07-29,7.33,7.35,7.16,7.16,19140356.0
2024-07-30,7.18,7.2,6.98,7.03,33882180.0
2024-07-31,7.06,7.32,6.94,7.31,51754788.0
2024-08-01,7.28,7.31,7.12,7.16,29205535.0
2024-08-02,7.09,7.18,6.97,7.02,35745793.0
2024-08-05,6.96,7.17,6.92,6.95,39993755.0
2024-08-06,6.97,7.18,6.97,7.11,46974778.0
2024-08-07,7.08,7.1,7.0,7.03,25131269.0
2024-08-08,7.01,7.1,6.96,7.04,27471069.0
2024-08-09,7.07,7.08,6.91,6.92,31949736.0
2024-08-12,6.98,7.05,6.91,6.93,18936637.0
2024-08-13,6.88,6.96,6.82,6.92,27742598.0
2024-08-14,6.98,7.06,6.89,6.9,20562586.0
2024-08-15,6.87,7.03,6.85,6.99,32903345.0
2024-08-16,6.98,7.04,6.95,7.02,24162599.0
2024-08-19,7.0,7.03,6.95,6.98,13946006.0
2024-08-20,6.99,7.01,6.9,6.94,17310767.0
2024-08-21,6.92,6.95,6.89,6.9,14584762.0
2024-08-22,6.93,6.94,6.76,6.77,21894185.0
2024-08-23,6.8,6.83,6.72,6.8,16227045.0
2024-08-26,6.82,6.94,6.8,6.89,17648068.0
2024-08-27,6.83,6.95,6.82,6.92,21100897.0
2024-08-28,6.88,6.97,6.85,6.94,16716530.0
2024-08-29,6.99,7.11,6.91,7.05,27614758.0
2024-08-30,7.04,7.2,6.99,7.19,43628650.0
2024-09-02,7.15,7.22,7.02,7.04,29348602.0
2024-09-03,7.05,7.32,6.97,7.13,36132873.0
2024-09-04,7.02,7.16,6.99,7.0,27353297.0
2024-09-05,7.0,7.12,6.97,7.03,19715300.0
2024-09-06,7.04,7.04,6.85,6.85,19741833.0
2024-09-09,6.85,6.9,6.78,6.82,13950041.0
2024-09-10,6.85,6.86,6.67,6.77,18527803.0
2024-09-11,6.75,6.82,6.66,6.7,18744315.0
2024-09-12,6.73,6.92,6.72,6.73,25644060.0
2024-09-13,6.73,6.77,6.45,6.59,39716360.0
2024-09-18,6.51,6.52,6.27,6.34,24994234.0
2024-09-19,6.37,6.57,6.32,6.5,27512253.0
2024-09-20,6.49,6.49,6.3,6.4,26229097.0
2024-09-23,6.4,6.4,6.22,6.27,20717687.0
2024-09-24,6.31,6.53,6.28,6.53,42523023.0
2024-09-25,6.56,6.78,6.55,6.59,44812763.0
2024-09-26,6.59,6.92,6.54,6.92,44889435.0
2024-09-27,6.99,7.48,6.98,7.4,47874287.0
2024-09-30,7.83,8.85,7.8,8.81,149864318.0
2024-10-08,10.57,10.57,9.64,10.54,196418471.0
2024-10-09,9.68,10.28,9.11,9.11,146298609.0
2024-10-10,9.31,9.71,9.08,9.1,92772108.0
2024-10-11,9.19,9.19,8.65,8.94,65735790.0
2024-10-14,8.97,9.1,8.57,8.84,66544690.0
2024-10-15,8.83,8.88,8.55,8.59,48975757.0
2024-10-16,8.4,8.5,8.08,8.16,65661974.0
2024-10-17,8.22,8.3,8.07,8.1,49608854.0
2024-10-18,8.06,8.66,7.97,8.55,100919794.0
2024-10-21,8.7,9.23,8.6,8.9,126074629.0
2024-10-22,8.77,9.17,8.38,9.15,121553770.0
2024-10-23,9.0,10.34,8.82,9.45,172920917.0
2024-10-24,9.41,9.58,9.0,9.0,96876026.0
2024-10-25,9.05,10.34,9.0,9.78,208111833.0
2024-10-28,9.86,9.86,9.32,9.51,104053463.0
2024-10-29,10.03,10.4,9.37,9.39,107852553.0
2024-10-30,9.1,9.45,9.05,9.18,68471036.0
2024-10-31,9.37,9.68,9.37,9.47,100541508.0
2024-11-01,9.44,9.51,9.15,9.2,64242103.0
2024-11-04,9.1,9.4,9.06,9.15,53923661.0
2024-11-05,9.2,9.38,9.1,9.28,71181856.0
2024-11-06,9.3,9.45,9.11,9.13,78821647.0
2024-11-07,8.83,8.85,8.4,8.84,112180520.0
2024-11-08,8.86,9.08,8.85,8.94,92976680.0
2024-11-11,8.87,9.18,8.81,9.06,98659542.0
2024-11-12,9.1,9.31,8.91,9.01,97468175.0
2024-11-13,9.03,9.1,8.85,9.04,71791758.0
2024-11-14,9.05,9.16,8.73,8.75,58216250.0
2024-11-15,8.75,8.8,8.43,8.44,48016683.0
2024-11-18,8.4,8.57,8.27,8.31,47409470.0
2024-11-19,8.34,8.71,8.33,8.65,57003849.0
2024-11-20,8.65,8.77,8.57,8.67,44635929.0
2024-11-21,8.98,9.04,8.63,8.75,59360399.0
2024-11-22,8.75,8.75,8.41,8.41,46103043.0
2024-11-25,8.4,8.6,8.37,8.6,41724006.0
2024-11-26,8.53,8.74,8.45,8.49,33366533.0
2024-11-27,8.56,8.79,8.43,8.75,49921788.0
2024-11-28,8.79,8.87,8.7,8.72,36639763.0
2024-11-29,8.78,8.82,8.62,8.75,49083392.0
2024-12-02,8.66,8.81,8.41,8.79,49764841.0
2024-12-03,8.95,9.08,8.79,8.9,54406989.0
2024-12-04,8.91,8.97,8.64,8.68,49806039.0
2024-12-05,8.7,8.8,8.61,8.79,30222885.0
2024-12-06,8.8,8.87,8.51,8.85,55676040.0
2024-12-09,8.85,8.85,8.61,8.67,31389654.0
2024-12-10,8.93,8.99,8.64,8.67,43524157.0
2024-12-11,8.65,8.73,8.61,8.64,28991494.0
2024-12-12,8.66,8.66,8.55,8.6,29836177.0
2024-12-13,8.6,8.66,8.39,8.56,54067339.0
2024-12-16,8.54,8.56,8.33,8.35,38915249.0
2024-12-17,8.35,8.38,8.23,8.24,23598706.0
2024-12-18,8.33,8.33,8.12,8.16,26473508.0
2024-12-19,8.06,8.17,8.02,8.12,30774462.0
2024-12-20,8.1,8.14,7.91,7.93,49371781.0
2024-12-23,7.92,7.95,7.76,7.77,37277027.0
2024-12-24,7.81,8.05,7.8,7.9,43658062.0
2024-12-25,8.0,8.04,7.72,7.78,32419490.0
2024-12-26,7.75,7.78,7.59,7.6,39006107.0
2024-12-27,7.62,7.62,7.35,7.43,64585292.0
2024-12-30,7.4,7.45,7.26,7.31,46078061.0
2024-12-31,7.31,7.39,7.11,7.11,52417158.0
2025-01-02,7.11,7.17,6.95,7.01,53715256.0
2025-01-03,7.04,7.11,6.93,6.93,37024602.0
2025-01-06,6.94,7.07,6.86,6.92,36572777.0
2025-01-07,6.9,6.93,6.71,6.79,49684605.0
2025-01-08,6.76,6.86,6.65,6.74,40185866.0
2025-01-09,6.73,6.82,6.6,6.64,43987374.0
2025-01-10,6.61,6.66,6.36,6.37,48774182.0
2025-01-13,6.36,6.48,6.3,6.4,40297392.0
2025-01-14,6.42,6.55,6.37,6.54,71368301.0
2025-01-15,6.54,6.64,6.37,6.61,102776300.0
2025-01-16,6.55,6.86,6.53,6.74,82778913.0
2025-01-17,6.77,6.79,6.47,6.52,79148736.0
2025-01-20,6.52,6.59,6.38,6.41,48787895.0
2025-01-21,6.45,6.47,6.24,6.25,54997742.0
2025-01-22,6.23,6.25,6.12,6.2,43513882.0
2025-01-23,6.23,6.31,6.15,6.15,57378762.0
2025-01-24,6.15,6.26,6.1,6.18,54593844.0
2025-01-27,6.16,6.3,6.12,6.12,50086713.0
2025-02-05,6.15,6.22,6.02,6.11,51291030.0
2025-02-06,6.09,6.28,6.03,6.27,70091294.0
2025-02-07,6.25,6.69,6.23,6.54,124797713.0
2025-02-10,6.55,6.55,6.39,6.44,79740443.0
2025-02-11,6.45,6.46,6.27,6.3,64690481.0
2025-02-12,6.33,6.38,6.19,6.34,61745699.0
2025-02-13,6.34,6.37,6.27,6.28,47880292.0
2025-02-14,6.28,6.48,6.28,6.35,64419040.0
2025-02-17,6.38,6.48,6.31,6.44,72025312.0
2025-02-18,6.47,6.5,6.28,6.31,70329481.0
2025-02-19,6.28,6.41,6.23,6.37,66807752.0
2025-02-20,6.35,6.35,6.25,6.28,52953669.0
2025-02-21,6.29,6.34,6.22,6.29,84361997.0
2025-02-24,6.31,6.41,6.24,6.4,83062658.0
2025-02-25,6.35,6.61,6.28,6.53,106651061.0
2025-02-26,6.62,7.28,6.62,7.11,184600964.0
2025-02-27,7.08,7.08,6.89,7.07,123418506.0
2025-02-28,7.0,7.14,6.87,6.9,97690991.0
2025-03-03,6.91,7.07,6.8,6.84,86908177.0
2025-03-04,6.8,6.81,6.65,6.68,83109678.0
2025-03-05,6.73,6.77,6.56,6.62,61464212.0
2025-03-06,6.65,6.89,6.55,6.82,97961546.0
2025-03-07,6.77,6.81,6.65,6.67,68511450.0
2025-03-10,6.67,6.79,6.66,6.74,55140963.0
2025-03-11,6.67,6.81,6.6,6.81,54982814.0
2025-03-12,6.81,6.85,6.71,6.72,43750796.0
2025-03-13,6.71,6.75,6.62,6.7,50107406.0
2025-03-14,6.71,6.88,6.68,6.85,70723189.0
2025-03-17,6.91,7.08,6.91,6.92,73414891.0
2025-03-18,7.02,7.13,6.94,7.06,68576122.0
2025-03-19,7.02,7.11,6.96,6.99,48390474.0
2025-03-20,7.01,7.07,6.89,6.92,50567086.0
2025-03-21,6.88,7.0,6.86,6.94,49981444.0
2025-03-24,6.95,6.95,6.78,6.87,48997785.0
2025-03-25,6.88,7.0,6.81,6.94,45072086.0
2025-03-26,6.92,7.09,6.91,7.02,53444595.0
2025-03-27,6.97,6.99,6.85,6.87,41271601.0
2025-03-28,6.87,6.95,6.8,6.84,31939673.0
2025-03-31,6.82,6.83,6.47,6.48,58037723.0
2025-04-01,6.48,6.67,6.48,6.63,46594556.0
2025-04-02,6.63,6.65,6.5,6.52,38053188.0
2025-04-03,6.44,6.49,6.35,6.36,41090082.0
2025-04-07,6.0,6.0,5.13,5.45,114338204.0
2025-04-08,5.5,5.68,5.5,5.67,84849988.0
2025-04-09,5.53,5.78,5.4,5.78,67521702.0
2025-04-10,6.06,6.07,5.88,5.96,58232190.0
2025-04-11,5.96,5.97,5.87,5.93,37488335.0
2025-04-14,5.97,6.04,5.91,5.92,45055379.0
2025-04-15,5.96,5.97,5.89,5.95,32396865.0
2025-04-16,5.93,5.97,5.8,5.97,41344496.0
2025-04-17,5.9,5.92,5.84,5.9,35182281.0
2025-04-18,5.88,5.91,5.82,5.88,20772775.0
2025-04-21,5.88,5.91,5.83,5.85,21109035.0
2025-04-22,5.84,5.86,5.67,5.68,48609888.0
2025-04-23,5.73,5.9,5.7,5.84,47378858.0
2025-04-24,5.81,5.88,5.77,5.77,25234172.0
2025-04-25,5.75,5.84,5.74,5.77,29377427.0
2025-04-28,5.76,5.77,5.64,5.68,31580490.0
2025-04-29,5.66,5.73,5.63,5.63,23935160.0
2025-04-30,5.42,5.62,5.42,5.48,40084330.0
2025-05-06,5.51,5.56,5.4,5.54,45687734.0
2025-05-07,5.74,5.75,5.58,5.62,49360687.0
2025-05-08,5.58,5.76,5.57,5.73,42455378.0
2025-05-09,5.74,5.74,5.58,5.58,32813672.0
2025-05-12,5.65,5.78,5.63,5.76,42033312.0
2025-05-13,5.82,6.1,5.8,5.82,82032764.0
2025-05-14,5.8,5.82,5.67,5.76,43624487.0
2025-05-15,5.76,5.76,5.61,5.62,31445256.0
2025-05-16,5.62,5.66,5.6,5.61,22557795.0
2025-05-19,5.6,5.61,5.52,5.58,25655144.0
2025-05-20,5.57,5.59,5.53,5.54,29840369.0
2025-05-21,5.54,5.57,5.46,5.46,36952559.0
2025-05-22,5.45,5.47,5.36,5.37,32116446.0
2025-05-23,5.37,5.43,5.31,5.31,29345800.0
2025-05-26,5.33,5.35,5.23,5.24,35437271.0
2025-05-27,5.25,5.25,5.15,5.2,33321737.0
2025-05-28,5.21,5.24,5.16,5.17,19680875.0
2025-05-29,5.19,5.28,5.17,5.26,27300683.0
2025-05-30,5.26,5.27,5.19,5.2,27644748.0
2025-06-03,5.15,5.17,5.09,5.11,43552950.0
2025-06-04,5.13,5.16,5.09,5.16,32248213.0
2025-06-05,5.18,5.18,5.11,5.15,28916293.0
2025-06-06,5.16,5.23,5.12,5.17,41613239.0
2025-06-09,5.17,5.29,5.15,5.23,55595168.0
2025-06-10,5.22,5.25,5.12,5.12,47688293.0
2025-06-11,5.13,5.24,5.13,5.22,45684741.0
2025-06-12,5.2,5.22,5.13,5.15,40399600.0
2025-06-13,5.16,5.16,5.01,5.06,68796995.0
2025-06-16,5.03,5.09,4.99,5.01,48641363.0
2025-06-17,5.02,5.07,4.95,5.03,43016106.0
2025-06-18,5.01,5.09,4.99,5.0,43652631.0
2025-06-19,5.02,5.06,4.9,4.9,45187430.0
2025-06-20,4.93,5.08,4.89,4.95,83359693.0
2025-06-23,4.91,4.94,4.85,4.88,54224799.0
2025-06-24,4.9,5.01,4.88,5.01,70330036.0
2025-06-25,4.99,5.08,4.96,5.07,75493595.0
2025-06-26,5.06,5.09,5.0,5.01,61096189.0
2025-06-27,5.03,5.16,5.01,5.06,72861227.0
2025-06-30,5.1,5.23,5.1,5.19,79759894.0
2025-07-01,5.17,5.19,5.08,5.09,58472364.0
2025-07-02,5.11,5.31,5.1,5.29,129617494.0
2025-07-03,5.35,5.35,5.24,5.29,69096995.0
2025-07-04,5.35,5.39,5.25,5.27,77801079.0
2025-07-07,5.23,5.36,5.22,5.29,63445390.0
2025-07-08,5.28,5.63,5.28,5.54,121554779.0
2025-07-09,5.5,5.62,5.48,5.48,66692792.0
2025-07-10,5.47,5.65,5.47,5.53,99842942.0
2025-07-11,5.55,5.58,5.48,5.48,67612700.0
2025-07-14,5.48,5.51,5.4,5.43,57417205.0
2025-07-15,5.42,5.47,5.29,5.33,57987353.0
2025-07-16,5.33,5.35,5.29,5.34,41245894.0
2025-07-17,5.41,5.53,5.38,5.44,83502319.0
2025-07-18,5.4,5.53,5.32,5.34,67961948.0
2025-07-21,5.35,5.44,5.34,5.41,61450815.0
2025-07-22,5.41,5.58,5.35,5.56,106705980.0
2025-07-23,5.58,5.63,5.45,5.46,90183478.0
2025-07-24,5.45,5.69,5.43,5.65,113693637.0
2025-07-25,5.65,5.66,5.52,5.54,78632424.0
2025-07-28,5.53,5.55,5.44,5.49,64331854.0
2025-07-29,5.5,5.58,5.44,5.57,69607422.0
2025-07-30,5.56,5.59,5.46,5.48,64853929.0
2025-07-31,5.46,5.47,5.22,5.23,111250221.0
2025-08-01,5.23,5.36,5.23,5.32,68137707.0
2025-08-04,5.27,5.28,5.2,5.25,50091784.0
2025-08-05,5.25,5.34,5.24,5.34,53003562.0
2025-08-06,5.32,5.41,5.29,5.39,47484385.0
2025-08-07,5.42,5.42,5.29,5.32,46979505.0
2025-08-08,5.33,5.39,5.3,5.31,53180003.0
2025-08-11,5.34,5.49,5.32,5.46,80057243.0
2025-08-12,5.46,5.46,5.35,5.35,63202055.0
2025-08-13,5.37,5.4,5.31,5.36,55334393.0
2025-08-14,5.36,5.36,5.22,5.22,86680767.0
2025-08-15,5.22,5.45,5.22,5.42,122192272.0
2025-08-18,5.46,5.71,5.45,5.64,149213596.0
2025-08-19,5.62,5.66,5.55,5.57,72862625.0
2025-08-20,5.63,5.68,5.5,5.61,91140168.0
2025-08-21,5.61,5.67,5.56,5.59,75996240.0
2025-08-22,5.56,5.69,5.55,5.69,109824715.0
2025-08-25,5.7,5.83,5.64,5.73,118061628.0
2025-08-26,5.72,5.79,5.67,5.74,78885002.0
2025-08-27,5.71,5.79,5.54,5.54,105389477.0
2025-08-28,5.52,5.65,5.39,5.61,131116120.0
2025-08-29,5.6,5.71,5.55,5.67,118103418.0
2025-09-01,5.66,5.7,5.58,5.69,80614647.0
2025-09-02,5.69,5.78,5.52,5.55,106515613.0
2025-09-03,5.56,5.7,5.54,5.61,114341024.0
2025-09-04,5.61,6.0,5.6,5.7,240932309.0
2025-09-05,5.71,6.07,5.7,6.04,242166676.0
2025-09-08,6.11,6.14,5.96,6.09,179460315.0
2025-09-09,6.03,6.11,5.89,5.94,136778917.0
2025-09-10,5.9,5.91,5.7,5.75,114307856.0
2025-09-11,5.72,5.82,5.71,5.82,97408217.0
2025-09-12,5.8,5.82,5.69,5.69,116357955.0
2025-09-15,5.65,5.78,5.47,5.5,195625680.0
2025-09-16,5.55,5.64,5.41,5.46,134617053.0
2025-09-17,5.46,5.59,5.4,5.49,126043124.0
2025-09-18,5.46,5.52,5.29,5.35,155521081.0
2025-09-19,5.38,5.4,5.3,5.35,92923435.0
2025-09-22,5.35,5.35,5.17,5.18,110991301.0
2025-09-23,5.18,5.2,5.01,5.1,115016575.0
2025-09-24,5.07,5.33,5.05,5.32,148336506.0
2025-09-25,5.3,5.51,5.29,5.41,143284415.0
2025-09-26,5.38,5.47,5.33,5.36,76792833.0
2025-09-29,5.33,5.48,5.31,5.42,81147016.0
2025-09-30,5.42,5.59,5.39,5.56,108553410.0
2025-10-09,5.58,5.85,5.52,5.8,159801444.0
2025-10-10,5.77,5.8,5.63,5.65,125381398.0
2025-10-13,5.45,5.6,5.42,5.57,101919965.0
2025-10-14,5.65,6.2,5.62,5.82,237064189.0
2025-10-15,5.8,6.02,5.69,5.87,161243064.0
2025-10-16,5.83,5.89,5.78,5.82,96032610.0
2025-10-17,5.77,5.88,5.48,5.5,147078143.0
2025-10-20,5.57,5.59,5.43,5.45,79364972.0
2025-10-21,5.45,5.52,5.43,5.46,75771728.0
2025-10-22,5.46,5.46,5.34,5.35,71317573.0
2025-10-23,5.31,5.36,5.23,5.35,72489025.0
2025-10-24,5.37,5.44,5.33,5.34,69721557.0
2025-10-27,5.39,5.51,5.39,5.47,96086571.0
2025-10-28,5.46,5.48,5.38,5.42,65171831.0
2025-10-29,5.42,5.89,5.4,5.82,207765414.0
2025-10-30,5.8,5.92,5.76,5.84,174393175.0
2025-10-31,5.76,6.04,5.75,5.81,132510912.0
2025-11-03,5.9,6.12,5.86,6.11,171940758.0
2025-11-04,6.11,6.19,5.9,5.94,117382735.0
2025-11-05,5.86,6.36,5.85,6.19,209205929.0
2025-11-06,6.38,6.58,6.22,6.27,225578213.0
2025-11-07,6.27,6.52,6.17,6.31,188865978.0
2025-11-10,6.42,6.49,6.29,6.33,175711356.0
2025-11-11,6.38,6.57,6.37,6.38,159589083.0
2025-11-12,6.35,6.39,5.91,6.06,207868381.0
2025-11-13,6.12,6.27,6.07,6.17,133151049.0
2025-11-14,6.11,6.65,6.08,6.27,189680741.0
2025-11-17,6.32,6.42,6.16,6.26,129442774.0
2025-11-18,6.39,6.69,6.22,6.31,197745835.0
2025-11-19,6.25,6.4,6.03,6.16,141493287.0
2025-11-20,6.16,6.19,5.87,5.87,125292386.0
2025-11-21,5.78,5.84,5.54,5.57,118081749.0
2025-11-24,5.63,5.66,5.52,5.56,80503645.0
2025-11-25,5.6,5.7,5.56,5.64,72235172.0
2025-11-26,5.63,5.7,5.59,5.61,60819712.0
2025-11-27,5.62,5.7,5.6,5.6,68317235.0
2025-11-28,5.6,5.66,5.55,5.63,54712672.0
2025-12-01,5.66,5.82,5.66,5.71,88958553.0
2025-12-02,5.73,5.73,5.55,5.6,65118820.0
2025-12-03,5.58,5.61,5.43,5.44,64528452.0
2025-12-04,5.42,5.45,5.31,5.34,50753923.0
2025-12-05,5.38,5.45,5.32,5.44,63509397.0
2025-12-08,5.43,5.5,5.41,5.48,47660290.0
2025-12-09,5.46,5.51,5.38,5.49,52667992.0
2025-12-10,5.5,5.5,5.36,5.42,51150554.0
2025-12-11,5.45,5.49,5.38,5.38,47994006.0
2025-12-12,5.38,5.46,5.37,5.43,51807145.0
2025-12-15,5.41,5.52,5.39,5.43,45842783.0
2025-12-16,5.41,5.43,5.29,5.29,49238985.0
2025-12-17,5.31,5.37,5.27,5.37,42217814.0
2025-12-18,5.34,5.39,5.31,5.36,32537926.0
2025-12-19,5.35,5.45,5.35,5.44,36002334.0
2025-12-22,5.42,5.47,5.4,5.44,45943638.0
2025-12-23,5.45,5.46,5.36,5.38,51462079.0
2025-12-24,5.38,5.47,5.33,5.45,47771125.0
2025-12-25,5.44,5.74,5.41,5.62,94265175.0
2025-12-26,5.75,5.83,5.69,5.72,114000366.0
2025-12-29,5.97,6.23,5.89,5.94,208788218.0
2025-12-30,5.88,5.92,5.73,5.75,108901361.0
2025-12-31,5.77,5.8,5.63,5.64,73280239.0
2026-01-05,5.76,5.77,5.68,5.7,81176165.0
2026-01-06,5.72,6.08,5.7,6.02,159380414.0
2026-01-07,6.0,6.1,5.89,6.07,136893813.0
2026-01-08,6.07,6.65,6.01,6.39,252463316.0
2026-01-09,6.31,6.48,6.12,6.18,211219408.0
2026-01-12,6.15,6.66,6.15,6.4,241829033.0
2026-01-13,6.43,6.48,6.14,6.26,169998659.0
2026-01-14,6.23,6.44,6.08,6.16,176873084.0
2026-01-15,6.1,6.18,5.98,6.02,143528452.0
2026-01-16,6.07,6.13,5.93,5.96,160819298.0
2026-01-19,5.9,6.04,5.88,5.95,126530545.0
2026-01-20,5.93,6.0,5.61,5.64,182517487.0
2026-01-21,5.58,5.67,5.51,5.54,119101663.0
2026-01-22,5.52,5.86,5.5,5.75,179816015.0
2026-01-23,5.76,6.9,5.76,6.9,575412140.0
2026-01-26,7.0,7.07,6.55,6.69,464017790.0
2026-01-27,6.6,6.98,6.39,6.83,358172140.0
2026-01-28,6.8,6.96,6.62,6.64,214422475.0
2026-01-29,6.61,7.06,6.5,6.74,305991820.0
2026-01-30,6.64,6.71,6.17,6.33,245143213.0
2026-02-02,6.41,6.56,6.17,6.18,179103248.0
2026-02-03,6.28,7.12,6.27,7.0,372819430.0
2026-02-04,6.98,8.4,6.96,8.4,543745580.0
2026-02-05,7.8,8.39,7.56,7.89,620785350.0
2026-02-06,7.61,8.76,7.6,8.33,532674120.0
2026-02-09,8.82,9.66,8.48,8.54,611119750.0
2026-02-10,8.51,8.65,8.09,8.12,428246640.0
2026-02-11,8.2,8.5,7.93,8.0,311653940.0
2026-02-12,7.91,8.17,7.82,8.03,273989250.0
2026-02-13,7.9,7.98,7.58,7.59,246588872.0
2026-02-24,7.7,7.89,7.55,7.59,217165574.0
2026-02-25,7.6,7.75,7.49,7.6,230960415.0
2026-02-26,7.53,7.59,7.37,7.41,218080574.0
2026-02-27,7.42,7.66,7.39,7.54,225321732.0
2026-03-02,7.3,7.67,7.18,7.36,256751194.0
2026-03-03,7.39,7.65,7.15,7.25,247806443.0
2026-03-04,7.02,7.2,6.92,7.1,199483810.0
2026-03-05,7.22,7.25,7.02,7.05,148249322.0
2026-03-06,7.04,7.49,6.95,7.34,216417199.0
2026-03-09,7.2,7.58,7.15,7.44,220499877.0
2026-03-10,7.44,8.56,7.26,8.24,422307570.0
2026-03-11,8.2,8.8,8.11,8.38,412435130.0
2026-03-12,8.38,8.53,8.18,8.25,297471950.0
2026-03-13,8.19,8.26,7.88,7.89,291701810.0
2026-03-16,7.97,8.03,7.56,7.6,214341500.0
2026-03-17,7.66,7.84,7.38,7.4,207245287.0
2026-03-18,7.4,7.48,7.04,7.16,257162671.0
2026-03-19,7.07,7.54,7.04,7.22,345066030.0
2026-03-20,7.21,8.07,7.18,7.61,515730990.0
2026-03-23,7.64,7.89,7.42,7.52,413827290.0
2026-03-24,7.78,7.98,7.2,7.74,372071350.0
2026-03-25,7.74,8.08,7.61,7.74,321103170.0
2026-03-26,7.77,7.78,7.27,7.29,238124356.0
2026-03-27,7.19,7.7,7.17,7.6,246384511.0
2026-03-30,7.52,7.58,7.01,7.08,273694640.0
2026-03-31,7.06,7.06,6.5,6.51,251181115.0
2026-04-01,6.65,7.08,6.57,6.82,210599737.0
2026-04-02,6.72,6.83,6.61,6.67,122847452.0
2026-04-03,6.69,6.74,6.26,6.26,160663316.0
2026-04-07,6.25,6.34,6.14,6.2,108066325.0
2026-04-08,6.41,6.69,6.35,6.63,201618332.0
2026-04-09,6.53,6.54,6.39,6.44,127003792.0
2026-04-10,6.5,6.69,6.5,6.53,134848757.0
2026-04-13,6.48,6.8,6.47,6.67,147268537.0
2026-04-14,6.65,6.69,6.56,6.63,120479174.0
2026-04-15,6.66,6.75,6.58,6.7,151019522.0
2026-04-16,6.7,7.15,6.66,7.14,256738130.0
2026-04-17,6.9,7.09,6.86,6.95,179927854.0
2026-04-20,6.98,7.07,6.85,6.95,143642252.0
2026-04-21,6.95,7.05,6.82,6.87,115195721.0
2026-04-22,6.81,6.85,6.71,6.76,126839849.0
2026-04-23,6.95,7.0,6.73,6.73,161671553.0
2026-04-24,6.7,6.78,6.56,6.59,130624511.0
2026-04-27,6.51,6.55,6.34,6.42,139481185.0
2026-04-28,6.37,6.49,6.18,6.22,118817841.0
2026-04-29,6.2,6.48,6.07,6.42,150920204.0
2026-04-30,6.42,6.72,6.42,6.65,179572416.0
2026-05-06,6.69,6.75,6.55,6.71,181447848.0
2026-05-07,6.72,6.87,6.71,6.76,171056083.0
2026-05-08,6.72,7.21,6.68,7.15,314754100.0
2026-05-11,7.08,7.59,7.08,7.38,254267340.0
2026-05-12,7.46,7.59,7.25,7.42,224360699.0
2026-05-13,7.35,7.76,7.22,7.61,240287542.0
2026-05-14,7.51,7.83,7.36,7.37,272407160.0
2026-05-15,7.38,7.38,6.62,6.83,331760810.0
2026-05-18,6.83,6.97,6.61,6.73,181666435.0
2026-05-19,6.78,6.8,6.55,6.75,162518997.0
2026-05-20,6.66,6.72,6.5,6.63,162956277.0
2026-05-21,6.65,6.73,6.3,6.31,166345751.0
2026-05-22,6.34,6.8,6.29,6.7,229114330.0
2026-05-25,6.67,6.71,6.36,6.41,175545580.0
2026-05-26,6.34,6.38,6.1,6.24,173826126.0
2026-05-27,6.23,6.48,6.08,6.11,155590462.0
2026-05-28,6.1,6.32,5.97,6.22,154229619.0
2026-05-29,6.21,6.25,5.8,5.86,203382239.0
2026-06-01,5.83,5.98,5.79,5.79,116627222.0
2026-06-02,5.8,5.84,5.5,5.61,145425493.0
2026-06-03,5.61,5.68,5.5,5.52,110554913.0
2026-06-04,5.5,5.62,5.4,5.55,109372163.0
2026-06-05,5.59,5.6,5.26,5.38,132906243.0
2026-06-08,5.24,5.32,5.01,5.07,141927785.0
2026-06-09,5.13,5.22,4.98,5.2,114479250.0
2026-06-10,5.11,5.36,4.94,5.32,183587927.0
2026-06-11,5.22,5.22,5.0,5.09,156833220.0
2026-06-12,5.12,5.32,5.12,5.16,160485287.0
2026-06-15,5.21,5.29,5.15,5.23,118245610.0
2026-06-16,5.21,5.36,5.18,5.29,112816402.0
2026-06-17,5.29,5.41,5.15,5.17,131403026.0
2026-06-18,5.17,5.21,5.07,5.09,120040626.0
2026-06-22,5.02,5.16,4.94,5.15,139703011.0
2026-06-23,5.11,5.12,4.86,4.86,145716925.0
2026-06-24,4.87,4.9,4.75,4.86,105812239.0
2026-06-25,4.82,4.96,4.77,4.88,126765281.0
2026-06-26,4.86,5.05,4.7,4.7,162767018.0
2026-06-29,4.66,4.75,4.58,4.68,116492236.0
2026-06-30,4.65,4.82,4.65,4.75,109041020.0
2026-07-01,4.77,5.05,4.69,4.88,156573268.0
2026-07-02,4.86,4.9,4.66,4.68,151038675.0
2026-07-03,4.7,4.72,4.6,4.6,123045743.0
2026-07-06,4.63,4.65,4.44,4.44,129612873.0
2026-07-07,4.45,4.51,4.35,4.37,98424769.0
2026-07-08,4.39,4.39,4.2,4.2,110139190.0
2026-07-09,4.19,4.31,4.12,4.29,108692187.0
2026-07-10,4.3,4.55,4.26,4.39,145614444.0
2026-07-13,4.37,4.39,4.05,4.06,146444164.0
2026-07-14,4.05,4.1,3.98,4.08,93597063.0
2026-07-15,4.05,4.23,4.02,4.15,95322885.0
2026-07-16,4.13,4.17,4.06,4.09,76470106.0
2026-07-17,4.09,4.15,3.99,4.01,105714317.0
2026-07-20,4.03,4.19,3.92,4.17,150228472.0
2026-07-21,4.13,4.19,4.06,4.18,130612768.0
2026-07-22,4.14,4.28,4.12,4.16,108449963.0
2026-07-23,4.15,4.3,4.13,4.29,117306545.0
2026-07-24,4.24,4.26,4.05,4.05,97856800.0
2026-07-27,4.05,4.17,4.05,4.16,74697250.0
2026-07-28,4.12,4.21,4.1,4.14,74129187.0
2026-07-29,4.15,4.31,4.12,4.27,115576245.0
2026-07-30,4.24,4.44,4.22,4.35,125754640.0
2026-07-31,4.35,4.37,4.31,4.34,97542910.0
2026-08-03,4.35,4.57,4.35,4.55,147682910.0
2026-08-04,4.54,4.58,4.5,4.55,96727554.0
2026-08-05,4.53,4.57,4.5,4.57,85787097.0
2026-08-06,4.54,4.56,4.39,4.43,113395782.0
2026-08-07,4.44,4.54,4.39,4.48,98353643.0
2026-08-10,4.47,4.66,4.45,4.56,115529034.0
2026-08-11,4.56,4.57,4.44,4.44,94155994.0
2026-08-12,4.44,4.54,4.4,4.52,90589437.0
2026-08-13,4.51,4.53,4.41,4.41,70218881.0
2026-08-14,4.42,4.43,4.33,4.4,65671495.0
2026-08-17,4.42,4.5,4.39,4.49,80495972.0
2026-08-18,4.48,4.53,4.44,4.48,72055398.0
2026-08-19,4.48,4.48,4.3,4.32,81584224.0
2026-08-20,4.35,4.41,4.34,4.39,53815679.0
2026-08-21,4.35,4.42,4.33,4.39,46506950.0
2026-08-24,4.37,4.45,4.32,4.33,64306268.0
2026-08-25,4.33,4.36,4.28,4.34,46967851.0
2026-08-26,4.33,4.44,4.32,4.4,65433294.0
2026-08-27,4.32,4.32,4.1,4.16,145116083.0
2026-08-28,4.14,4.22,4.13,4.2,85663515.0
2026-08-31,4.18,4.19,4.03,4.11,111905659.0
2026-09-01,4.06,4.17,4.05,4.14,75765932.0
2026-09-02,4.12,4.13,4.05,4.05,58853361.0
2026-09-03,4.07,4.09,4.01,4.01,51057311.0
2026-09-04,4.03,4.1,4.02,4.06,65631031.0
2026-09-07,4.06,4.07,4.01,4.03,67718856.0
2026-09-08,4.04,4.07,4.01,4.04,50994103.0
2026-09-09,4.06,4.08,4.02,4.04,51295912.0
2026-09-10,4.02,4.03,3.95,3.97,61017742.0
2026-09-11,3.95,3.96,3.82,3.9,87105314.0
2026-09-14,3.9,3.92,3.83,3.86,46325456.0
2026-09-15,3.87,3.88,3.77,3.79,58800412.0
2026-09-16,3.76,3.8,3.73,3.78,54357802.0
2026-09-17,3.75,3.79,3.72,3.74,47641595.0
2026-09-18,3.77,3.89,3.76,3.88,76015868.0
