序号,代码,名称,最新价,涨跌幅,涨跌额,成交量,成交额,振幅,最高,最低,今开,昨收,量比,换手率,市盈率-动态,市净率,总市值,流通市值,涨速,5分钟涨跌,60日涨跌幅,年初至今涨跌幅
2,301060,兰卫医学,13.48,20.04,2.25,210888.0,260025700.77,20.12,13.48,11.22,11.22,11.23,7.73,11.73,-4601.0,2.79,5398969160.0,2423561543.0,0.0,0.0,0.15,1.43
3,300133,华策影视,7.68,20.0,1.28,1406907.0,1041615699.81,12.34,7.68,6.89,6.89,6.4,3.66,8.64,33.46,2.08,14600246024.0,12505117448.0,0.0,0.0,13.78,30.83
8,300913,兆龙互连,44.89,13.53,5.35,325111.0,1424678387.68,14.8,47.0,41.15,41.5,39.54,5.02,15.42,123.88,11.15,11589231010.0,9465633247.0,0.65,1.33,47.13,49.48
9,300725,药石科技,41.65,12.81,4.73,180275.0,708285615.33,16.58,42.3,36.18,36.62,36.92,3.43,10.7,40.49,3.1,8316032006.0,7016079737.0,-0.34,-1.02,7.4,6.06
11,300271,华宇软件,7.52,11.57,0.78,389149.0,281067968.72,14.39,7.66,6.69,6.7,6.74,6.05,4.85,-17.29,1.14,6138391557.0,6029021286.0,0.67,0.27,-11.53,-8.18
12,301230,泓博医药,52.8,10.69,5.1,135952.0,664422101.73,20.59,54.99,45.17,46.8,47.7,2.76,22.9,92.78,5.05,5682476765.0,3134823965.0,-2.85,-2.53,49.49,47.49
13,301217,铜冠铜箔,11.76,10.32,1.1,145488.0,171680887.44,19.79,12.72,10.61,10.62,10.66,7.82,6.35,1250.93,1.75,9749222797.0,2693222797.0,0.26,-0.17,2.44,-0.84
18,300785,值得买,23.27,7.83,1.69,150847.0,343844866.68,14.27,24.18,21.1,21.2,21.58,5.12,13.25,246.8,2.57,4627361505.0,2648427952.0,-1.02,-0.77,-0.13,6.45
19,300634,彩讯股份,21.42,7.8,1.55,441098.0,928470233.2,11.83,22.05,19.7,19.7,19.87,4.66,10.23,23.45,3.7,9588732615.0,9238194315.0,-0.46,0.0,-1.02,4.64
26,300075,数字政通,16.6,6.41,1.0,368178.0,602533324.34,8.01,16.8,15.55,15.6,15.6,4.84,7.16,42.4,2.51,10310760623.0,8538886052.0,0.0,-0.36,-9.83,-5.68
27,300288,朗玛信息,17.17,6.12,0.99,365861.0,611661871.83,10.63,17.58,15.86,15.95,16.18,3.44,14.29,70.96,3.64,5802453872.0,4396360746.0,-0.98,-1.55,-3.81,4.38
28,300429,强力新材,11.83,6.0,0.67,488432.0,567530092.01,9.14,12.07,11.05,11.15,11.16,4.16,13.02,-221.75,3.58,6095551436.0,4437581218.0,0.08,0.68,-6.78,-8.01
30,300781,因赛集团,64.63,5.95,3.63,165416.0,1055798115.76,13.38,66.66,58.5,59.18,61.0,1.88,20.4,162.42,10.47,7107347657.0,5241763477.0,-0.05,-1.03,18.39,43.62
34,300168,万达信息,7.57,5.43,0.39,252496.0,187574470.41,7.1,7.66,7.15,7.15,7.18,3.35,1.85,-24.27,3.78,10924963372.0,10305236806.0,-0.39,-0.13,-14.37,-10.73
35,301328,维峰电子,46.46,5.42,2.39,30794.0,141899795.08,9.3,48.58,44.48,44.8,44.07,2.75,9.02,37.77,2.69,5105656377.0,1585858253.0,-0.87,-0.94,-6.27,-5.11
37,301091,深城交,28.98,5.38,1.48,171142.0,493771370.06,9.78,30.17,27.48,27.48,27.5,2.8,11.55,129.68,4.26,9041760000.0,4294836000.0,0.24,0.21,10.65,26.27
39,300252,金信诺,9.14,5.18,0.45,761077.0,692287347.62,5.98,9.38,8.86,8.94,8.69,5.43,14.27,866.04,2.51,6052086043.0,4873871228.0,0.0,-0.44,0.66,-0.98
42,300229,拓尔思,18.17,5.09,0.88,550552.0,1005370004.94,8.79,18.73,17.21,17.21,17.29,3.1,6.93,474.02,4.33,14450454750.0,14439340179.0,0.06,-0.06,-1.94,7.77
43,300251,光线传媒,9.93,5.08,0.48,457333.0,451380788.23,7.3,10.13,9.44,9.44,9.45,4.12,1.64,59.29,3.43,29130731730.0,27677127905.0,-0.3,-0.2,19.06,21.84
44,301508,中机认检,39.69,5.06,1.91,87733.0,346684882.95,6.27,40.68,38.31,38.5,37.78,3.64,20.43,62.35,4.72,8973321588.0,1704827868.0,-0.38,-0.78,3.68,15.34
45,300552,万集科技,26.93,5.03,1.29,310084.0,823959913.4,13.14,27.99,24.62,25.0,25.64,5.64,24.63,-21.85,2.29,5739674706.0,3390008508.0,0.07,0.49,-10.71,-9.02
46,301123,奕东电子,19.9,4.96,0.94,100418.0,195961201.07,9.49,20.5,18.7,19.49,18.96,6.81,13.14,312.33,1.55,4648640000.0,1520682639.0,-0.65,-0.85,-12.14,-15.17
49,300291,百纳千成,6.11,4.8,0.28,543880.0,331566133.0,7.38,6.23,5.8,5.84,5.83,3.55,5.86,-136.98,1.52,5754945768.0,5674682168.0,-0.33,-0.49,-15.72,-5.12
51,300413,芒果超媒,26.15,4.64,1.16,254628.0,656124599.92,5.2,26.29,24.99,24.99,24.99,3.03,2.49,13.75,2.28,48919349312.0,26717453902.0,0.19,0.23,-8.37,3.77
53,300244,迪安诊断,20.26,4.59,0.89,168350.0,331688507.32,8.42,20.6,18.97,19.44,19.37,3.54,3.35,17.94,1.62,12700954209.0,10188708739.0,-1.17,-1.55,-17.71,-14.91
58,300341,麦克奥迪,10.82,4.34,0.45,101587.0,107698635.0,6.17,10.89,10.25,10.26,10.37,2.68,1.97,34.07,3.31,5598379836.0,5591496693.0,-0.37,0.19,-6.8,-8.31
59,301262,海看股份,30.76,4.31,1.27,86838.0,265947494.97,8.04,31.47,29.1,29.2,29.49,3.49,20.82,33.71,3.51,12826920000.0,1282692000.0,0.42,0.29,-9.16,-1.25
61,301439,泓淋电力,14.6,4.14,0.58,102739.0,149237068.05,6.85,15.04,14.08,14.21,14.02,7.11,5.61,27.28,2.07,5680886411.0,2675405090.0,-1.15,-1.35,1.6,-0.14
65,300182,捷成股份,5.49,3.98,0.21,1601688.0,881931036.15,6.06,5.6,5.28,5.29,5.28,2.56,7.15,25.39,1.85,14624402720.0,12292557583.0,0.18,0.0,-4.19,8.07
68,300290,荣科科技,10.01,3.95,0.38,842812.0,837909393.33,9.66,10.43,9.5,9.6,9.63,2.02,13.18,588.21,7.82,6403723016.0,6398655453.0,-1.18,-0.99,60.42,64.37
72,300740,水羊股份,17.96,3.82,0.66,42424.0,74491623.53,4.74,17.98,17.16,17.16,17.3,1.76,1.19,29.07,3.72,6978522208.0,6417072637.0,0.62,0.67,10.52,7.74
76,300206,理邦仪器,13.75,3.77,0.5,342060.0,449690590.03,12.45,14.16,12.51,12.7,13.25,3.76,10.05,25.33,4.04,7998675383.0,4681023394.0,-1.29,-1.5,33.11,34.67
78,301486,致尚科技,43.88,3.69,1.56,66337.0,291708271.22,4.49,44.9,43.0,43.5,42.32,3.37,20.62,74.46,2.26,5646522061.0,1411632764.0,-0.61,-0.88,1.98,-8.45
79,300322,硕贝德,10.47,3.66,0.37,391357.0,407199817.36,6.53,10.68,10.02,10.04,10.1,3.34,8.82,-23.48,4.53,4876365091.0,4643906853.0,0.0,0.19,-2.51,-6.18
80,300058,蓝色光标,7.67,3.65,0.27,1010333.0,770411244.32,5.0,7.74,7.37,7.37,7.4,3.05,4.38,49.7,2.46,19079422090.0,17673146113.0,-0.13,-0.26,-7.48,6.82
82,301421,波长光电,54.7,3.62,1.91,48791.0,262316722.99,8.66,56.5,51.93,53.0,52.79,3.39,16.87,111.33,5.4,6329774600.0,1582471000.0,-0.36,-0.38,-11.56,-12.38
84,300451,创业慧康,5.17,3.61,0.18,319745.0,163145842.08,4.81,5.21,4.97,5.01,4.99,2.3,2.38,65.73,1.71,8008974658.0,6936326928.0,-0.39,-0.58,-25.82,-21.07
85,300604,长川科技,33.09,3.6,1.15,142572.0,474971670.24,6.64,34.18,32.06,32.11,31.94,2.57,3.16,11666.85,7.27,20622692282.0,14927072888.0,-0.06,-0.42,-18.32,-12.9
87,301408,华人健康,13.34,3.49,0.45,46638.0,61731694.12,5.59,13.5,12.78,12.83,12.89,4.28,3.13,45.47,2.78,5336133400.0,1989945182.0,-0.45,-0.37,-16.42,-16.36
89,300825,阿尔特,14.99,3.45,0.5,315566.0,477740625.37,6.42,15.65,14.72,14.95,14.49,2.89,6.63,169.18,3.12,7465626810.0,7132719851.0,-0.27,0.0,5.64,9.02
93,300559,佳发教育,14.0,3.4,0.46,103080.0,144637225.16,6.13,14.3,13.47,13.47,13.54,1.68,3.31,36.21,4.78,5593203938.0,4355915662.0,0.07,0.07,-17.79,-9.68
94,301489,思泉新材,84.6,3.35,2.74,33979.0,279794373.44,8.39,85.88,79.01,80.34,81.86,2.05,24.85,97.32,4.98,4879840856.0,1156912699.0,0.12,0.02,13.27,11.9
95,300020,银江技术,7.42,3.34,0.24,281678.0,206445564.92,5.15,7.51,7.14,7.15,7.18,2.34,3.67,41.2,1.29,5896510567.0,5688465713.0,-0.4,-0.54,-13.62,-10.6
98,300253,卫宁健康,7.88,3.28,0.25,453613.0,353682699.97,5.64,7.99,7.56,7.58,7.63,2.79,2.45,83.5,3.24,16960190767.0,14603051206.0,-0.38,-1.25,6.06,9.6
112,300057,万顺新材,5.18,2.98,0.15,149735.0,77662810.39,5.17,5.28,5.02,5.03,5.03,3.73,2.03,231.83,0.86,4713832049.0,3823866738.0,-0.19,0.0,-12.5,-16.05
114,300846,首都在线,13.55,2.96,0.39,230902.0,312529266.08,5.09,13.8,13.13,13.13,13.16,3.1,6.48,-32.3,5.9,6325449428.0,4829565823.0,-0.15,-0.22,-8.57,-5.18
118,300770,新媒股份,41.86,2.85,1.16,29188.0,121138581.77,4.4,42.15,40.36,40.5,40.7,2.2,1.26,13.67,2.63,9672093992.0,9672093992.0,-0.07,-0.33,-0.62,8.22
122,301316,慧博云通,21.16,2.82,0.58,82201.0,172317010.58,5.05,21.34,20.3,20.42,20.58,2.45,3.39,102.68,8.29,8464211600.0,5138208803.0,-0.05,-0.09,-14.99,-8.95
128,300363,博腾股份,20.6,2.74,0.55,81078.0,165157690.57,5.19,20.95,19.91,20.15,20.05,1.46,1.62,18.67,1.89,11248379092.0,10308313727.0,-0.34,-0.58,-18.29,-18.09
129,301517,陕西华达,55.91,2.74,1.49,35115.0,196094374.59,7.37,57.42,53.41,53.78,54.42,2.93,16.57,73.31,4.61,6039772797.0,1185022905.0,-0.09,-0.16,1.62,0.02
131,300411,金盾股份,11.34,2.72,0.3,422484.0,480693131.54,8.24,11.76,10.85,10.96,11.04,1.46,15.63,158.36,4.94,4609936879.0,3064461396.0,1.52,1.07,68.75,62.23
132,301370,国科恒泰,14.79,2.71,0.39,45152.0,66088327.08,5.42,14.96,14.18,14.23,14.4,2.72,6.4,57.36,2.91,6960174000.0,1044174000.0,-0.87,-0.27,-11.01,-8.59
133,300548,博创科技,32.4,2.69,0.85,297674.0,957565601.98,5.99,32.88,30.99,31.0,31.55,2.82,13.41,57.02,4.26,9285280711.0,7190864942.0,-0.31,-0.31,12.27,20.13
136,300364,中文在线,28.99,2.66,0.75,705344.0,2040504566.6,5.91,29.32,27.65,27.77,28.24,1.7,10.69,6513.41,17.99,21160949526.0,19127475836.0,-0.28,-0.17,6.82,12.67
141,300676,华大基因,45.86,2.48,1.11,43581.0,198027061.48,5.97,46.76,44.09,44.59,44.75,3.46,1.06,208.11,1.92,18982110945.0,18845119970.0,-0.48,-1.06,-4.46,-4.46
143,300446,航天智造,15.85,2.46,0.38,75751.0,119467296.06,3.56,15.97,15.42,15.61,15.47,0.93,5.59,31.65,2.96,13399750259.0,2147012581.0,-0.13,-0.25,1.47,1.15
145,301358,湖南裕能,30.69,2.44,0.73,62916.0,193962744.8,4.14,31.24,30.0,30.0,29.96,2.07,1.64,11.31,2.07,23240096718.0,11767563251.0,-0.07,-0.1,-7.42,-9.6
156,301102,兆讯传媒,16.02,2.23,0.35,17620.0,28057008.19,3.83,16.15,15.55,15.7,15.67,1.72,2.48,28.91,1.55,4645800000.0,1139607291.0,-0.12,-0.19,-20.69,-16.3
159,300087,荃银高科,8.35,2.2,0.18,179851.0,150853396.53,3.92,8.59,8.27,8.35,8.17,3.56,2.01,28.77,4.05,7910220121.0,7480807301.0,-0.24,-0.36,-3.02,-0.36
163,300663,科蓝软件,12.62,2.19,0.27,285553.0,355844660.06,5.67,12.83,12.13,12.3,12.35,3.02,7.08,-494.09,5.19,5832751290.0,5091179343.0,-0.32,-0.47,-13.38,-10.75
164,301029,怡合达,29.55,2.18,0.63,94253.0,276107462.14,3.94,29.76,28.62,28.75,28.92,1.83,3.16,28.35,5.71,17071275182.0,8804401549.0,0.27,0.2,22.06,14.62
165,300395,菲利华,32.55,2.17,0.69,44618.0,144968495.56,4.49,32.96,31.53,31.7,31.86,1.72,0.87,30.93,4.54,16920237771.0,16646173639.0,0.06,0.0,-14.57,-10.97
167,300806,斯迪克,10.47,2.15,0.22,90893.0,94795456.04,4.39,10.6,10.15,10.18,10.25,2.25,3.4,42.21,2.12,4746056266.0,2795328479.0,-0.1,-0.38,-23.35,-25.59
170,300027,华谊兄弟,2.42,2.11,0.05,520222.0,125966050.69,4.64,2.46,2.35,2.35,2.37,2.03,2.15,-17.87,6.59,6714304324.0,5850984749.0,0.0,-0.41,-13.57,-9.7
173,300293,蓝英装备,17.1,2.09,0.35,275647.0,466376551.56,7.16,17.52,16.32,16.5,16.75,2.99,9.83,-965.56,6.63,5787291613.0,4793744181.0,-0.58,0.0,18.83,16.33
176,300887,谱尼测试,9.42,2.06,0.19,53840.0,50311649.78,3.25,9.5,9.2,9.24,9.23,1.52,1.49,36.61,1.48,5144097141.0,3410741564.0,0.0,-0.21,-24.58,-20.24
178,300888,稳健医疗,36.88,2.05,0.74,17263.0,63273437.42,2.38,36.99,36.13,36.14,36.14,2.32,0.95,7.58,1.66,21696235071.0,6696993321.0,0.41,0.03,1.63,-0.99
182,300217,东方电热,5.02,2.03,0.1,172685.0,86357774.36,3.46,5.07,4.9,4.93,4.92,1.43,1.41,9.51,1.93,7419444239.0,6159296590.0,0.2,0.0,-7.38,-6.69
183,300953,震裕科技,60.37,2.03,1.2,9454.0,56613742.55,3.28,60.79,58.85,59.01,59.17,1.3,1.55,84.86,2.53,6205000655.0,3693904468.0,0.13,0.03,15.96,9.41
184,300981,中红医疗,12.69,2.01,0.25,54351.0,68155970.55,7.32,13.09,12.18,12.4,12.44,3.52,4.42,403.59,0.84,4949198982.0,1558917009.0,-0.31,-0.94,-18.29,-20.79
190,300180,华峰超纤,3.63,1.97,0.07,167040.0,60207438.76,2.25,3.64,3.56,3.58,3.56,1.73,1.13,-191.1,1.35,6392648363.0,5353110877.0,0.28,0.28,-18.43,-17.87
191,300975,商络电子,10.9,1.96,0.21,421063.0,463886956.54,4.96,11.28,10.75,10.9,10.69,1.15,12.99,155.87,3.98,6871453173.0,3532717773.0,0.09,0.09,39.74,31.8
200,300459,汤姆猫,4.81,1.91,0.09,975237.0,469562424.67,3.39,4.87,4.71,4.73,4.72,1.4,3.19,63.28,4.16,16911050617.0,14724702096.0,-0.21,-0.21,-14.87,-2.63
204,300267,尔康制药,2.69,1.89,0.05,160051.0,42661022.0,3.41,2.71,2.62,2.63,2.64,1.91,1.13,103.84,1.09,5548407100.0,3826247502.0,-0.37,-0.37,-17.48,-16.2
208,300773,拉卡拉,14.64,1.88,0.27,75441.0,109770999.75,2.51,14.68,14.32,14.32,14.37,1.6,1.03,14.13,2.99,11712292800.0,10750670446.0,-0.07,-0.07,-9.8,-8.73
213,301251,威尔高,35.09,1.83,0.63,49586.0,172690351.7,5.66,35.61,33.66,33.8,34.46,2.51,14.73,46.08,3.33,4723877558.0,1180969390.0,-0.2,0.06,-1.98,-2.12
217,301171,易点天下,19.3,1.79,0.34,176626.0,341917825.58,3.9,19.54,18.8,18.83,18.96,1.88,5.72,37.78,2.7,9107397967.0,5959357983.0,-0.26,-0.46,-11.14,-2.38
219,301303,真兰仪表,17.69,1.78,0.31,18291.0,32608409.87,3.68,18.19,17.55,18.19,17.38,3.26,2.51,20.28,1.75,5165480000.0,1291370000.0,-0.06,0.0,-8.2,-10.16
222,300454,深信服,73.7,1.77,1.28,101047.0,766844440.85,7.15,78.88,73.7,75.0,72.42,2.3,3.66,-42.54,3.98,30942813519.0,20360339816.0,-0.59,-1.05,-2.63,1.95
228,300123,亚光科技,6.41,1.75,0.11,277607.0,178198523.94,4.13,6.52,6.26,6.32,6.3,2.64,2.78,962.43,2.36,6549956728.0,6412396173.0,-0.47,-0.31,-12.79,-12.55
231,300143,盈康生命,8.86,1.72,0.15,29258.0,25659205.69,2.99,8.92,8.66,8.72,8.71,1.86,0.46,45.37,4.15,5689599709.0,5689492556.0,-0.23,-0.11,-15.38,-16.65
241,300869,康泰医学,18.17,1.68,0.3,24804.0,44789785.97,2.8,18.27,17.77,17.89,17.87,2.55,0.99,28.06,3.57,7300754532.0,4549884978.0,-0.11,-0.22,-10.98,-11.92
242,301376,致欧科技,24.55,1.66,0.4,7703.0,18906564.32,3.64,24.85,23.97,23.97,24.15,1.13,2.16,25.81,3.29,9856825000.0,875735251.0,0.2,0.08,-2.58,2.63
245,301348,蓝箭电子,37.71,1.64,0.61,41117.0,154681917.78,3.77,38.2,36.8,37.1,37.1,2.5,8.22,115.98,4.84,7542000000.0,1885500000.0,-0.13,-0.11,-15.9,-18.71
246,300579,数字认证,23.61,1.64,0.38,22132.0,52027301.5,2.24,23.7,23.18,23.3,23.23,2.06,0.85,-242.68,6.89,6374700000.0,6182772823.0,-0.04,0.17,-11.74,-8.7
248,300377,赢时胜,6.93,1.61,0.11,85421.0,58944244.0,2.79,6.97,6.78,6.8,6.82,1.5,1.27,446.09,1.77,5205574004.0,4654527619.0,-0.29,-0.43,-19.32,-10.7
251,300679,电连技术,41.65,1.61,0.66,63651.0,269139070.27,6.05,43.85,41.37,42.2,40.99,4.5,1.79,53.33,4.05,17592331085.0,14827215407.0,0.12,-0.38,6.01,0.36
253,300085,银之杰,12.16,1.59,0.19,85036.0,103175347.5,3.01,12.28,11.92,11.95,11.97,1.39,1.66,-118.85,11.67,8592748906.0,6232531477.0,-0.25,-0.33,-23.62,-15.08
258,301238,瑞泰新材,16.78,1.57,0.26,61338.0,103336557.82,4.96,17.3,16.48,16.53,16.52,2.5,2.88,24.81,1.7,12305332774.0,3579732774.0,-0.12,-0.06,-0.06,-4.28
264,300079,数码视讯,5.26,1.54,0.08,158439.0,83066933.5,1.93,5.27,5.17,5.17,5.18,1.2,1.25,159.42,1.77,7516586614.0,6675241167.0,0.19,0.0,-9.15,-7.56
265,300226,上海钢联,24.35,1.54,0.37,67755.0,165410282.89,3.29,24.65,23.86,23.93,23.98,1.49,2.19,35.21,4.06,7836353915.0,7536753438.0,-0.12,-0.16,-16.75,-14.53
269,300698,万马科技,34.78,1.49,0.51,33865.0,118375086.46,7.94,36.51,33.79,35.0,34.27,5.25,2.74,72.3,9.88,4660520000.0,4297797398.0,1.13,1.55,-0.2,-4.71
272,300639,凯普生物,7.55,1.48,0.11,38246.0,28624421.27,2.82,7.6,7.39,7.47,7.44,2.12,0.6,21.27,1.0,4881080089.0,4795491001.0,0.0,-0.26,-20.36,-19.16
273,300545,联得装备,28.85,1.48,0.42,38137.0,111167732.5,4.15,29.66,28.48,28.57,28.43,2.17,3.41,30.11,3.26,5128037849.0,3229197464.0,-0.28,-0.24,-6.63,-16.5
274,301333,诺思格,55.0,1.48,0.8,10435.0,56816480.6,3.3,55.4,53.61,53.9,54.2,0.81,1.84,31.46,3.11,5280000000.0,3120216000.0,-0.36,-0.54,-12.42,-14.7
284,300678,中科信息,36.39,1.42,0.51,77207.0,278609664.9,2.42,36.5,35.63,35.8,35.88,1.14,2.72,265.0,12.45,10785497202.0,10335140094.0,0.39,0.22,11.18,21.38
288,300788,中信出版,30.87,1.38,0.42,43884.0,136227967.0,4.07,31.44,30.2,30.3,30.45,1.54,2.31,50.45,2.79,5869977268.0,5869977268.0,-0.19,-0.26,-6.62,6.08
292,300468,四方精创,9.69,1.36,0.13,87346.0,84077807.91,2.72,9.72,9.46,9.52,9.56,1.47,1.65,61.66,3.16,5141991475.0,5126852662.0,0.0,0.31,-10.69,-10.69
293,300972,万辰集团,32.1,1.36,0.43,5550.0,17720212.0,2.94,32.45,31.52,31.92,31.67,1.23,0.74,-65.85,5.54,4965681637.0,2419432597.0,-0.5,-0.28,-11.33,-14.49
295,301366,一博科技,30.65,1.36,0.41,43998.0,136595036.71,6.75,31.93,29.89,30.16,30.24,2.56,8.05,46.27,2.14,4597500031.0,1675742070.0,0.13,-0.29,-7.01,-8.15
297,300378,鼎捷软件,20.2,1.35,0.27,61815.0,124420127.43,2.71,20.34,19.8,19.85,19.93,0.95,2.31,83.54,2.8,5440030286.0,5405245886.0,-0.25,-0.3,-7.13,-5.21
312,301017,漱玉平民,14.92,1.29,0.19,17457.0,25867448.12,1.9,14.98,14.7,14.81,14.73,1.15,1.6,28.02,2.77,6047677321.0,1630760521.0,0.0,-0.13,-24.3,-26.97
316,301153,中科江南,70.83,1.27,0.89,13532.0,96672201.2,4.16,72.5,69.59,69.88,69.94,1.69,1.18,54.98,8.23,13769352000.0,8100930512.0,0.03,-0.1,-8.17,-9.51
323,300036,超图软件,17.7,1.26,0.22,111268.0,197270027.54,3.32,17.98,17.4,17.46,17.48,1.92,2.57,48.3,2.9,8721969121.0,7658662224.0,-0.23,-0.39,-12.38,-15.31
324,300171,东富龙,16.19,1.25,0.2,38351.0,61572066.0,3.31,16.34,15.81,15.9,15.99,1.12,0.69,15.83,1.57,12316939803.0,9037186845.0,-0.25,-0.61,-9.5,-10.01
325,300151,昌红科技,16.28,1.24,0.2,22203.0,36121504.48,1.68,16.39,16.12,16.13,16.08,0.65,0.6,128.67,5.49,8669233268.0,6008532420.0,-0.18,0.06,-8.8,-11.43
332,301327,华宝新能,60.53,1.22,0.73,8312.0,51090376.2,4.33,62.77,60.18,60.18,59.8,2.56,2.4,-91.35,1.23,7554144000.0,2096406068.0,-0.12,-0.3,-5.16,-20.77
342,300358,楚天科技,10.19,1.19,0.12,64268.0,65036975.0,2.38,10.26,10.02,10.02,10.07,1.01,1.22,15.7,1.29,6015181191.0,5386620406.0,-0.1,-0.29,-4.32,-4.77
345,300792,壹网壹创,20.45,1.19,0.24,21722.0,44393081.66,2.72,20.65,20.1,20.21,20.21,1.54,1.04,32.19,1.73,4877299887.0,4268652263.0,-0.2,-0.1,-22.04,-14.69
348,301381,赛维时代,27.47,1.18,0.32,31866.0,87863861.04,3.02,27.94,27.12,27.4,27.15,3.24,9.53,32.46,4.55,10990747000.0,918766812.0,-0.4,-0.47,-13.01,-9.31
350,300212,易华录,28.55,1.17,0.33,126652.0,363229012.14,3.19,28.95,28.05,28.2,28.22,1.04,1.98,-28.7,4.17,20649455798.0,18292644248.0,0.07,-0.31,-17.77,-9.22
351,300766,每日互动,14.72,1.17,0.17,94726.0,138634211.0,2.06,14.81,14.51,14.56,14.55,1.06,2.61,8498.57,3.51,5869600736.0,5332324872.0,-0.2,0.48,-12.54,-4.6
352,300608,思特奇,13.86,1.17,0.16,104147.0,143258437.4,3.21,13.95,13.51,13.6,13.7,1.41,3.79,-51.19,3.17,4590078126.0,3812715023.0,0.0,-0.22,-10.52,-18.23
355,300567,精测电子,71.72,1.16,0.82,30901.0,222877724.62,4.87,73.58,70.13,70.89,70.9,1.68,1.49,-1187.21,6.18,19948987210.0,14827058585.0,0.04,0.01,-14.0,-18.15
357,300012,华测检测,13.18,1.15,0.15,76955.0,100969422.81,2.0,13.25,12.99,13.0,13.03,0.98,0.5,22.45,3.65,22179675861.0,20160732343.0,0.0,0.0,-8.03,-7.18
359,300072,海新能科,2.64,1.15,0.03,124725.0,32790884.64,1.92,2.65,2.6,2.61,2.61,1.54,0.54,-15.27,0.92,6203261597.0,6149803744.0,0.0,0.0,-24.79,-24.79
360,300102,乾照光电,7.05,1.15,0.08,52471.0,37071692.28,2.58,7.13,6.95,7.0,6.97,1.36,0.58,-55.34,1.59,6437792333.0,6409904196.0,-0.14,-0.14,-1.95,-4.08
369,300674,宇信科技,14.36,1.13,0.16,61200.0,87812670.86,1.48,14.42,14.21,14.22,14.2,1.42,0.87,31.27,2.46,10110259382.0,10099972739.0,-0.07,-0.14,-14.01,-11.79
373,300138,晨光生物,11.78,1.12,0.13,39307.0,45834724.36,2.58,11.8,11.5,11.56,11.65,1.81,0.91,12.92,1.81,6276077614.0,5068333750.0,0.08,-0.17,-7.46,-12.29
375,300409,道氏技术,10.02,1.11,0.11,36659.0,36649139.8,2.22,10.07,9.85,9.88,9.91,1.46,0.75,-158.66,1.03,5828353741.0,4880013085.0,0.0,0.0,-5.29,-10.05
377,300033,同花顺,137.02,1.11,1.5,42645.0,587632894.5,3.31,139.49,135.01,135.01,135.52,1.71,1.56,52.52,10.06,73661952000.0,37473542389.0,-0.13,-0.13,-13.45,-12.65
379,300352,北信源,4.58,1.1,0.05,131864.0,60299175.0,2.21,4.6,4.5,4.51,4.53,0.96,1.08,2556.11,4.28,6640194318.0,5588389061.0,0.0,0.0,-7.47,-3.58
381,300761,立华股份,20.24,1.1,0.22,17752.0,35892778.22,3.6,20.45,19.73,19.92,20.02,2.54,0.29,-44.13,2.14,16751524700.0,12243157582.0,-0.34,-0.25,7.83,-3.48
383,300848,美瑞新材,18.68,1.08,0.2,18928.0,34528404.6,4.06,18.75,18.0,18.28,18.48,1.33,1.05,64.24,4.74,5951574501.0,3353510655.0,0.81,0.86,-3.71,-2.35
389,301177,迪阿股份,25.84,1.06,0.27,3880.0,9979518.26,1.8,25.92,25.46,25.46,25.57,1.42,0.97,104.56,1.6,10336258400.0,1033858400.0,-0.08,-0.12,-10.71,-12.38
394,301018,申菱环境,28.06,1.04,0.29,27953.0,78096680.92,2.23,28.22,27.6,27.84,27.77,1.31,2.47,37.58,2.96,7465434946.0,3173265106.0,-0.28,-0.04,6.98,6.53
396,301087,可孚医疗,34.92,1.04,0.36,5116.0,17781511.05,2.05,35.11,34.4,34.4,34.56,1.22,0.56,22.65,1.49,7306599690.0,3162855185.0,-0.34,-0.34,-5.62,-7.86
398,300723,一品红,28.23,1.04,0.29,56891.0,158377323.46,5.26,28.65,27.18,27.27,27.94,1.68,2.55,34.1,4.92,12820464823.0,6300185421.0,-0.11,-0.74,-5.84,-5.36
409,300339,润和软件,25.01,1.01,0.25,214388.0,535029711.22,2.58,25.15,24.51,24.6,24.76,0.97,2.76,152.17,6.0,19918235133.0,19449943542.0,-0.28,-0.32,-7.4,-3.73
410,300677,英科医疗,21.08,1.01,0.21,36163.0,75760968.69,3.02,21.29,20.66,20.81,20.87,1.53,0.77,30.96,0.85,13657594854.0,9894533351.0,-0.38,-0.52,-7.26,-9.76
412,300003,乐普医疗,15.13,1.0,0.15,81845.0,123058774.23,2.47,15.23,14.86,14.98,14.98,1.68,0.51,15.77,1.78,28453634626.0,24451558050.0,-0.26,-0.26,-5.97,-6.37
416,300170,汉得信息,7.13,0.99,0.07,133379.0,94957726.19,1.98,7.17,7.03,7.04,7.06,1.54,1.41,130.99,1.42,7016042636.0,6724783263.0,-0.28,-0.42,-16.9,-14.2
417,300482,万孚生物,26.59,0.99,0.26,16801.0,44458428.73,2.96,26.9,26.12,26.49,26.33,1.48,0.51,22.17,2.67,11819669751.0,8845009810.0,-0.34,-0.49,-13.39,-11.87
421,301149,隆华新材,11.33,0.98,0.11,16891.0,19021328.0,2.41,11.36,11.09,11.26,11.22,1.12,0.91,19.64,2.64,4871900204.0,2097878877.0,-0.09,-0.09,-3.08,-8.41
423,301507,民生健康,13.64,0.96,0.13,20791.0,28175394.02,1.78,13.69,13.45,13.5,13.51,1.39,2.33,44.66,3.31,4863401061.0,1215850504.0,-0.15,-0.15,-17.43,-17.33
424,300048,合康新能,5.25,0.96,0.05,28820.0,15100542.8,1.73,5.27,5.18,5.18,5.2,1.28,0.26,-124.22,3.15,5847128999.0,5828777231.0,0.19,0.0,6.49,3.75
426,300463,迈克生物,13.68,0.96,0.13,25394.0,34452266.0,2.44,13.77,13.44,13.54,13.55,1.2,0.51,23.39,1.32,8378583991.0,6775827845.0,-0.22,-0.29,-11.05,-9.22
428,300558,贝达药业,46.44,0.96,0.44,23579.0,108933549.43,2.2,46.82,45.81,46.0,46.0,0.66,0.56,47.84,3.71,19434484499.0,19382593001.0,-0.17,-0.24,-13.9,-9.91
430,300304,云意电气,6.34,0.96,0.06,78529.0,49747710.6,2.23,6.39,6.25,6.28,6.28,1.58,0.92,18.18,2.05,5545223420.0,5403182796.0,0.0,0.0,0.48,-6.63
441,300355,蒙草生态,3.3,0.92,0.03,88310.0,29041521.0,1.22,3.3,3.26,3.27,3.27,0.77,0.65,14.05,1.19,5293998867.0,4516951623.0,0.3,0.3,-12.0,-12.0
445,300494,盛天网络,15.51,0.91,0.14,316810.0,492729549.53,3.9,15.78,15.18,15.24,15.37,1.45,7.93,31.83,4.42,7596155514.0,6198463039.0,-0.26,-0.58,-13.59,-1.9
448,300369,绿盟科技,7.79,0.91,0.07,75049.0,58530849.0,1.94,7.86,7.71,7.75,7.72,1.38,0.94,-8.91,1.96,6226613425.0,6218204440.0,-0.13,-0.26,-19.77,-17.39
450,300900,广联航空,28.0,0.9,0.25,100993.0,288196640.74,4.76,29.12,27.8,28.07,27.75,1.72,6.5,46.36,4.21,5929206360.0,4347279860.0,0.14,0.07,19.76,13.45
452,301211,亨迪药业,19.07,0.9,0.17,21726.0,41281110.15,1.96,19.19,18.82,18.89,18.9,1.27,3.02,28.5,2.36,5492160000.0,1373040000.0,-0.26,-0.42,-16.29,-12.32
454,300287,飞利信,3.38,0.9,0.03,199305.0,67312441.24,2.09,3.4,3.33,3.33,3.35,0.92,1.54,-25.06,3.19,4851225471.0,4377870728.0,0.3,0.0,-18.16,-15.92
456,300682,朗新集团,13.53,0.89,0.12,56073.0,75802273.54,2.16,13.62,13.33,13.4,13.41,1.17,0.53,53.76,1.98,14687538963.0,14224929605.0,-0.15,-0.29,-16.99,-17.45
460,300109,新开源,19.34,0.89,0.17,27793.0,53429584.58,1.93,19.45,19.08,19.2,19.17,0.99,0.97,12.15,1.75,6239119528.0,5514839371.0,-0.21,-0.1,7.44,7.21
464,301293,三博脑科,70.19,0.88,0.61,21536.0,149287414.45,3.54,70.68,68.22,68.6,69.58,1.34,5.98,115.34,4.78,11121712821.0,2526702147.0,-0.4,-0.28,13.39,12.45
467,301047,义翘神州,75.34,0.86,0.64,2647.0,19815511.16,2.24,75.77,74.1,74.81,74.7,1.21,0.45,35.58,1.54,9733928000.0,4404633309.0,-0.16,-0.33,-9.28,-8.57
478,300383,光环新网,9.93,0.81,0.08,144126.0,143520791.34,2.34,10.05,9.82,9.85,9.85,1.6,0.8,37.79,1.43,17850096971.0,17811865656.0,0.0,0.0,-1.97,2.16
479,300757,罗博特科,130.4,0.81,1.05,39561.0,512706405.12,2.72,131.52,128.0,129.57,129.35,0.94,3.8,333.58,15.6,14394723774.0,13561600000.0,0.85,0.4,71.51,60.22
480,300627,华测导航,26.18,0.81,0.21,52376.0,138948927.92,3.66,26.94,25.99,26.1,25.97,1.42,1.17,31.7,4.72,14266489223.0,11705588772.0,0.04,-0.04,-12.94,-15.6
481,300261,雅本化学,6.24,0.81,0.05,58071.0,36048518.34,2.1,6.28,6.15,6.19,6.19,1.59,0.62,-75.55,2.63,6011051099.0,5847375312.0,-0.16,-0.16,-13.33,-16.35
484,300130,新国都,23.85,0.8,0.19,57867.0,138405067.98,2.62,24.2,23.58,23.62,23.66,1.62,1.41,17.21,3.02,12997690741.0,9792899700.0,-0.13,-0.08,-3.05,-1.45
488,300014,亿纬锂能,41.93,0.79,0.33,114033.0,480231592.04,2.81,42.49,41.32,41.5,41.6,1.33,0.61,18.79,2.55,85777102369.0,78055473743.0,-0.02,-0.02,9.36,-0.64
491,300759,康龙化成,23.02,0.79,0.18,146271.0,335086949.05,3.02,23.33,22.64,22.8,22.84,1.04,1.02,27.09,3.51,41145816717.0,32885989523.0,-0.6,-0.82,-22.05,-20.57
492,300471,厚普股份,11.51,0.79,0.09,69871.0,80529460.03,4.12,11.77,11.3,11.42,11.42,2.01,1.91,-313.36,3.64,4651949003.0,4219013359.0,0.17,0.0,-11.53,-16.53
493,300624,万兴科技,107.56,0.79,0.84,62613.0,672331113.71,4.7,109.36,104.34,104.34,106.72,1.35,5.2,170.72,10.95,14811453749.0,12945188794.0,-0.04,-0.5,9.42,13.7
495,301286,侨源股份,30.83,0.78,0.24,2497.0,7651252.74,2.35,30.92,30.2,30.74,30.59,1.06,0.63,60.16,7.36,12335083000.0,1224721750.0,0.29,0.19,14.02,6.09
496,301239,普瑞眼科,61.73,0.78,0.48,16057.0,97925869.0,3.85,62.57,60.21,60.8,61.25,1.75,2.27,21.83,3.9,9235983833.0,4369833551.0,-0.55,-0.19,-29.78,-28.22
498,300116,保力新,1.29,0.78,0.01,261073.0,33662327.7,1.56,1.3,1.28,1.28,1.28,1.08,0.64,-56.39,22.64,5709012863.0,5293962033.0,-0.77,0.0,-12.84,-12.84
500,301330,熵基科技,29.9,0.78,0.23,20218.0,60051756.31,1.52,29.96,29.51,29.67,29.67,0.82,3.05,31.49,1.83,5820917289.0,1983935235.0,0.13,0.03,-12.7,-9.67
501,300101,振芯科技,18.31,0.77,0.14,65055.0,119042146.55,2.31,18.45,18.03,18.1,18.17,0.98,1.16,54.03,5.77,10336837260.0,10297550683.0,-0.22,-0.54,-12.85,-19.8
506,300532,今天国际,15.91,0.76,0.12,51612.0,81923397.3,2.66,16.07,15.65,15.75,15.79,1.42,2.77,11.34,3.13,4935779999.0,2967313960.0,-0.13,-0.13,0.57,-3.11
508,300601,康泰生物,23.94,0.76,0.18,49828.0,118461427.2,2.82,24.18,23.51,23.72,23.76,1.43,0.57,28.77,2.95,26738982446.0,20951783608.0,-0.21,-0.5,-17.39,-11.82
510,300379,东方通,14.69,0.75,0.11,75940.0,111596716.95,2.95,14.88,14.45,14.57,14.58,1.2,1.34,-30.03,1.9,8325158343.0,8325158343.0,-0.2,-0.27,-30.45,-19.64
512,300134,大富科技,9.37,0.75,0.07,130677.0,122989178.23,4.3,9.62,9.22,9.29,9.3,2.02,1.83,-275.39,1.57,7191456316.0,6675356716.0,-0.11,-0.21,-8.23,-9.21
514,300393,中来股份,9.42,0.75,0.07,95787.0,90695454.7,2.67,9.56,9.31,9.34,9.35,2.07,1.0,15.92,2.32,10264289712.0,8985111212.0,-0.11,0.0,0.32,-8.9
529,301311,昆船智能,22.55,0.71,0.16,27953.0,63024893.68,2.64,22.77,22.18,22.25,22.39,1.49,3.2,95.05,2.98,5412000000.0,1967315376.0,-0.09,-0.04,-8.52,-7.2
534,300523,辰安科技,21.32,0.71,0.15,12880.0,27426241.88,1.65,21.47,21.12,21.15,21.17,0.94,0.55,335.48,3.44,4959834442.0,4953882367.0,-0.19,0.0,3.29,5.02
535,301078,孩子王,7.14,0.71,0.05,40566.0,28910655.0,1.41,7.17,7.07,7.11,7.09,1.03,0.64,50.8,2.55,7923546456.0,4535274193.0,-0.14,-0.28,-12.82,-13.03
536,301080,百普赛斯,47.23,0.7,0.33,7770.0,36375046.6,2.99,47.69,46.29,46.68,46.9,0.87,1.24,33.17,2.19,5667600000.0,2968175490.0,-0.55,-0.69,-22.17,-19.87
537,300738,奥飞数据,10.03,0.7,0.07,153039.0,154518214.35,2.31,10.21,9.98,10.04,9.96,1.05,1.62,58.48,3.24,9564264553.0,9459784972.0,-0.2,-0.4,5.25,-5.29
541,301393,昊帆生物,51.2,0.69,0.35,13891.0,70357170.75,3.24,51.65,50.0,50.5,50.85,1.45,5.62,52.56,2.52,5529600000.0,1266050150.0,-0.35,-0.23,-19.85,-14.68
544,300019,硅宝科技,14.68,0.69,0.1,17209.0,25251533.81,1.37,14.78,14.58,14.67,14.58,0.79,0.51,18.22,2.35,5740829796.0,4923302196.0,0.14,0.0,-8.48,-11.08
545,300065,海兰信,8.81,0.69,0.06,142738.0,125931775.92,3.2,8.93,8.65,8.68,8.75,1.26,2.17,546.49,3.24,6372529397.0,5798242085.0,-0.23,-0.45,-13.88,-13.37
552,300166,东方国信,9.03,0.67,0.06,157056.0,141688498.65,2.01,9.08,8.9,8.93,8.97,0.8,1.71,70.9,1.57,10406004376.0,8301199066.0,-0.22,-0.11,-6.04,-3.94
553,300475,香农芯创,42.16,0.67,0.28,78376.0,331757465.31,3.53,43.0,41.52,41.52,41.88,1.01,1.78,66.74,7.77,19290972737.0,18560550737.0,-0.05,-0.02,22.1,24.77
554,300587,天铁股份,4.52,0.67,0.03,38383.0,17316152.52,1.56,4.54,4.47,4.49,4.49,0.85,0.4,-85.1,1.68,4933217121.0,4289119779.0,-0.22,-0.22,-20.0,-22.6
556,300895,铜牛信息,33.3,0.67,0.22,46214.0,153260433.23,3.57,33.66,32.48,32.6,33.08,1.68,5.46,-914.86,4.33,4688661878.0,2818327019.0,0.27,0.15,-7.04,0.73
560,300882,万胜智能,22.95,0.66,0.15,29240.0,66914195.65,3.38,23.2,22.43,22.63,22.8,1.78,1.54,18.29,4.24,4691655189.0,4365860936.0,-0.04,-0.22,1.64,-5.79
561,300315,掌趣科技,6.12,0.66,0.04,1347912.0,829515988.29,3.62,6.24,6.02,6.04,6.08,0.92,5.2,71.79,3.45,16792727927.0,15876730177.0,0.0,-0.33,-1.29,18.83
564,300925,法本信息,10.76,0.65,0.07,63092.0,67956209.28,1.96,10.85,10.64,10.65,10.69,0.79,1.98,40.97,3.28,4612908248.0,3427521389.0,-0.37,-0.28,-12.52,-8.43
565,300258,精锻科技,10.76,0.65,0.07,37347.0,40215411.15,1.96,10.84,10.63,10.7,10.69,1.03,0.81,20.67,1.47,5183920692.0,4989466596.0,-0.19,-0.09,-20.0,-16.72
568,300145,中金环境,3.11,0.65,0.02,136142.0,42192192.12,1.62,3.12,3.07,3.07,3.09,0.81,0.72,20.76,2.51,5977731734.0,5889087252.0,0.0,0.0,0.0,2.98
569,300525,博思软件,14.01,0.65,0.09,47080.0,65854837.56,2.16,14.15,13.85,13.85,13.92,1.23,0.77,436.93,4.36,10530467952.0,8593128404.0,-0.14,-0.07,-5.72,-6.1
580,300551,古鳌科技,16.21,0.62,0.1,65929.0,106312504.73,2.79,16.3,15.85,16.11,16.11,1.0,2.19,-86.26,5.46,5604655141.0,4879619610.0,-0.37,-0.25,-28.02,-6.84
581,300031,宝通科技,16.21,0.62,0.1,96193.0,156156472.84,2.3,16.38,16.01,16.02,16.11,1.02,2.78,48.49,1.89,6687001753.0,5604815215.0,-0.12,-0.25,-24.22,-12.57
583,300366,创意信息,11.4,0.62,0.07,130165.0,148529037.38,2.65,11.54,11.24,11.28,11.33,0.55,2.59,-141.79,2.89,6926368110.0,5724869294.0,-0.18,-0.26,-11.21,-13.11
590,300685,艾德生物,23.25,0.61,0.14,8232.0,19026576.4,1.95,23.4,22.95,23.11,23.11,0.69,0.21,36.17,5.45,9267503684.0,9152185312.0,-0.21,-0.34,11.3,5.78
591,300284,苏交科,5.0,0.6,0.03,21227.0,10594259.0,1.01,5.01,4.96,4.99,4.97,0.97,0.24,20.72,0.77,6314138870.0,4444291950.0,0.0,0.0,-9.42,-8.26
592,301207,华兰疫苗,25.12,0.6,0.15,10098.0,25202846.0,2.04,25.27,24.76,25.17,24.97,1.18,0.72,17.95,2.5,15072376800.0,3542271379.0,-0.16,-0.2,-13.56,-9.64
593,301260,格力博,13.41,0.6,0.08,15006.0,20073527.69,1.58,13.46,13.25,13.26,13.33,1.19,0.71,-28.15,1.36,6560970472.0,2847356967.0,-0.37,-0.15,-20.74,-22.84
595,300285,国瓷材料,18.57,0.6,0.11,36583.0,67716313.34,1.79,18.68,18.35,18.58,18.46,0.95,0.45,31.71,3.0,18640757977.0,15054919723.0,-0.16,-0.32,-19.3,-19.68
596,300860,锋尚文化,40.63,0.59,0.24,15529.0,63456178.86,1.98,41.2,40.4,40.41,40.39,1.3,1.93,41.44,1.7,5573125601.0,3270226790.0,-0.27,-0.34,-19.74,-25.63
597,300292,吴通控股,3.39,0.59,0.02,231809.0,77958095.0,3.26,3.43,3.32,3.36,3.37,2.29,2.08,58.87,3.44,4548583262.0,3783052916.0,0.0,0.0,-11.95,-8.87
599,300047,天源迪科,8.53,0.59,0.05,153872.0,131319113.92,2.24,8.61,8.42,8.43,8.48,1.08,2.86,114.37,1.64,5439962052.0,4596997435.0,-0.23,-0.23,-6.47,-2.51
600,300737,科顺股份,5.15,0.59,0.03,40518.0,20749793.0,1.37,5.16,5.09,5.12,5.12,1.28,0.45,55.47,1.09,6063025799.0,4632349038.0,0.19,0.19,-17.6,-16.12
602,301205,联特科技,110.2,0.58,0.64,39346.0,438603850.63,4.61,113.56,108.51,108.51,109.56,1.4,5.79,500.9,10.09,14297788800.0,7489002456.0,0.55,-0.23,-6.81,5.2
608,300586,美联新材,6.94,0.58,0.04,40652.0,28078830.6,1.74,6.96,6.84,6.86,6.9,1.53,0.76,36.71,2.58,4935843516.0,3711926443.0,0.0,-0.14,-11.14,-14.22
609,300158,振东制药,5.21,0.58,0.03,99907.0,51761812.2,2.12,5.24,5.13,5.17,5.18,1.22,0.98,-4592.67,1.03,5353247179.0,5335733060.0,-0.19,-0.38,-24.6,-22.81
610,300188,国投智能,15.87,0.57,0.09,80613.0,128461690.78,2.34,16.05,15.68,15.71,15.78,0.76,1.11,-25.76,3.61,13639904910.0,11494054492.0,-0.13,-0.13,-4.86,-0.94
611,300487,蓝晓科技,46.16,0.57,0.26,13271.0,61002648.75,1.85,46.53,45.68,45.95,45.9,1.16,0.44,33.74,7.61,23311318561.0,14038539617.0,-0.77,-0.04,-10.61,-13.0
619,300418,昆仑万维,41.83,0.55,0.23,340515.0,1435204585.59,4.04,42.89,41.21,41.3,41.6,1.38,3.08,116.09,3.55,50823751343.0,46279622747.0,-0.26,-0.33,7.92,11.84
621,300438,鹏辉能源,25.59,0.55,0.14,117386.0,302846786.88,3.03,26.12,25.35,25.45,25.45,0.94,3.25,35.18,2.28,12882961121.0,9242567872.0,-0.12,-0.12,1.59,-9.54
624,300025,华星创业,11.05,0.55,0.06,73162.0,81540131.0,3.18,11.28,10.93,10.94,10.99,0.87,1.69,-239.29,8.21,5622161788.0,4792085788.0,-0.27,-0.36,17.06,15.22
627,300343,联创股份,5.62,0.54,0.03,104019.0,58469203.82,1.61,5.66,5.57,5.63,5.59,1.05,0.98,152.06,3.41,6155277681.0,5992152966.0,-0.35,-0.18,-12.32,-14.85
628,300294,博雅生物,28.24,0.53,0.15,22633.0,63515441.3,1.99,28.39,27.83,28.02,28.09,1.38,0.53,59.97,1.95,14239984361.0,12028550203.0,-0.25,-0.21,-16.55,-16.15
630,300194,福安药业,3.8,0.53,0.02,99045.0,37419020.82,1.85,3.82,3.75,3.78,3.78,1.28,1.02,13.46,1.09,4520907052.0,3677932121.0,-0.26,-0.52,-13.44,-13.24
635,300401,花园生物,9.65,0.52,0.05,19285.0,18548709.0,1.46,9.7,9.56,9.59,9.6,1.14,0.36,26.32,1.98,5227428044.0,5142662454.0,-0.31,-0.1,-12.11,-18.29
640,300821,东岳硅材,7.91,0.51,0.04,24892.0,19675931.6,1.27,7.94,7.84,7.89,7.87,0.58,0.21,-24.96,1.96,9492000000.0,9492000000.0,0.0,0.0,-0.13,-4.7
641,300687,赛意信息,19.81,0.51,0.1,41979.0,83444487.15,1.78,20.05,19.7,19.72,19.71,1.21,1.3,47.44,3.21,8124575636.0,6388380702.0,-0.25,-0.15,-12.07,-9.04
642,301039,中集车辆,9.95,0.51,0.05,72182.0,72034097.0,1.72,10.05,9.88,9.89,9.9,0.78,1.0,6.61,1.37,20075120000.0,7216103424.0,-0.2,-0.1,4.96,6.08
644,300009,安科生物,10.1,0.5,0.05,70795.0,71067074.86,2.39,10.17,9.93,10.01,10.05,1.37,0.58,19.41,4.78,16935950256.0,12281969913.0,-0.39,-0.3,-1.94,-1.17
646,300630,普利制药,20.22,0.5,0.1,102514.0,205393720.51,2.78,20.33,19.77,20.03,20.12,1.07,3.03,16.95,3.02,9134892825.0,6837776351.0,-0.3,-0.15,-8.17,-10.61
648,300026,红日药业,4.06,0.5,0.02,182587.0,73750530.54,1.49,4.08,4.02,4.04,4.04,0.9,0.66,23.05,1.4,12196868638.0,11173722670.0,-0.25,0.0,-6.24,-4.25
649,300795,米奥会展,39.21,0.49,0.19,2489.0,9738627.0,1.87,39.38,38.65,39.01,39.02,0.6,0.28,31.45,9.1,5997612181.0,3442639490.0,-0.18,-0.13,-1.36,6.35
651,301206,三元生物,24.99,0.48,0.12,2250.0,5611066.1,1.05,25.08,24.82,24.86,24.87,1.29,0.22,91.0,1.12,5056119243.0,2584948732.0,-0.12,-0.24,-9.98,-13.47
653,300872,天阳科技,12.61,0.48,0.06,19710.0,24911461.88,1.43,12.71,12.53,12.55,12.55,0.8,0.58,62.18,2.09,5099850875.0,4266589767.0,-0.16,-0.24,-9.41,-7.82
655,300119,瑞普生物,14.75,0.48,0.07,17304.0,25270572.0,2.38,14.83,14.48,14.67,14.68,1.53,0.52,18.85,1.58,6877573744.0,4930272475.0,-0.34,-0.34,-10.5,-10.01
656,300002,神州泰岳,10.55,0.48,0.05,400760.0,426566793.08,3.05,10.77,10.45,10.47,10.5,1.06,2.2,23.16,3.58,20689520431.0,19192497090.0,-0.19,-0.09,13.81,19.21
659,301318,维海德,53.02,0.47,0.25,34177.0,180573375.03,3.34,53.75,51.99,52.0,52.77,1.02,7.89,52.64,3.15,5520336360.0,2296122666.0,-0.34,-0.79,56.72,49.73
668,301332,德尔玛,11.24,0.45,0.05,10126.0,11374877.12,1.07,11.29,11.17,11.17,11.19,0.44,1.12,38.96,1.87,5187962500.0,1013670509.0,0.0,-0.09,-6.8,-8.02
672,300497,富祥药业,9.05,0.44,0.04,30730.0,27615973.0,2.22,9.08,8.88,9.01,9.01,1.49,0.69,-45.73,1.92,4977543748.0,4048184261.0,0.0,0.0,-3.1,-3.31
675,300969,恒帅股份,86.39,0.43,0.37,5604.0,48005642.0,3.19,87.17,84.43,85.0,86.02,1.46,2.8,34.54,6.62,6911200000.0,1727800000.0,0.03,-0.27,-6.1,-3.87
676,300527,中船应急,7.01,0.43,0.03,26328.0,18490035.54,1.43,7.06,6.96,6.96,6.98,1.0,0.27,-23.71,2.76,6752324492.0,6752324492.0,-0.28,-0.14,-7.28,-8.01
677,301089,拓新药业,45.15,0.42,0.19,24808.0,111388286.0,2.69,45.52,44.31,44.7,44.96,1.55,3.14,13.68,3.42,5713484175.0,3561828959.0,-0.55,-0.46,-17.91,-16.4
678,300185,通裕重工,2.38,0.42,0.01,88373.0,20962152.0,0.84,2.38,2.36,2.37,2.37,0.98,0.24,27.73,1.37,9274695640.0,8816967085.0,0.42,0.42,0.85,-0.83
680,300776,帝尔激光,47.84,0.42,0.2,13545.0,65144710.56,2.75,48.71,47.4,47.4,47.64,1.5,0.81,28.86,4.66,13064038747.0,7994930000.0,-0.02,-0.06,-11.98,-20.61
681,301004,嘉益股份,64.99,0.42,0.27,5257.0,34340754.0,3.65,66.65,64.29,64.5,64.72,1.34,2.01,14.32,5.17,6758960000.0,1698403167.0,0.2,0.51,49.44,42.99
682,301090,华润材料,9.68,0.41,0.04,10958.0,10540183.74,1.14,9.69,9.58,9.62,9.64,1.13,0.49,24.29,1.99,14387953697.0,2148040235.0,0.1,0.21,-6.83,-10.87
683,300603,立昂技术,9.72,0.41,0.04,81001.0,79311142.8,2.38,9.89,9.66,9.68,9.68,0.97,2.26,3226.55,3.11,4517838805.0,3478206491.0,-0.31,-0.41,-4.05,-3.48
684,301511,德福科技,21.93,0.41,0.09,29346.0,64650858.4,2.79,22.34,21.73,21.8,21.84,1.12,4.63,99.46,2.35,9873543900.0,1390486760.0,-0.18,-0.32,-4.32,-5.43
688,300718,长盛轴承,17.2,0.41,0.07,8122.0,13994845.5,1.46,17.33,17.08,17.08,17.13,0.7,0.43,21.58,3.47,5140526676.0,3279252808.0,-0.23,-0.29,-3.48,-7.28
689,300256,星星科技,2.47,0.41,0.01,127366.0,31321990.8,1.63,2.48,2.44,2.46,2.46,0.7,0.78,-17.82,3.16,5602931663.0,4059181663.0,0.0,0.0,-16.55,-16.84
690,300068,南都电源,12.4,0.4,0.05,63318.0,78742742.78,1.78,12.53,12.31,12.38,12.35,1.13,0.76,17.72,1.88,10821358740.0,10294871580.0,-0.08,-0.16,3.51,-4.17
697,300793,佳禾智能,16.09,0.37,0.06,53040.0,85511676.8,2.0,16.25,15.93,15.97,16.03,1.05,1.61,26.32,2.14,5444675792.0,5308578527.0,-0.19,-0.25,-14.78,-25.89
700,300596,利安隆,24.58,0.37,0.09,5168.0,12682133.0,0.94,24.66,24.43,24.49,24.49,1.04,0.24,14.96,1.4,5644051415.0,5270667032.0,0.0,-0.08,-7.73,-16.85
701,301371,敷尔佳,32.81,0.37,0.12,7645.0,24931202.35,1.84,32.95,32.35,32.7,32.69,0.97,1.91,18.36,2.44,13126624800.0,1315024800.0,-0.33,-0.3,-13.18,-14.13
703,300833,浩洋股份,94.26,0.36,0.34,2217.0,20919983.0,1.92,95.06,93.26,93.97,93.92,1.62,0.41,19.2,3.5,7948663020.0,5046332863.0,-0.32,-0.51,1.34,4.62
705,301509,金凯生科,64.7,0.36,0.23,12950.0,83000096.19,2.37,65.03,63.5,64.03,64.47,1.07,6.02,28.55,2.6,5566356775.0,1391589275.0,-0.19,-0.29,1.52,2.47
706,300432,富临精工,8.44,0.36,0.03,69148.0,58561276.11,1.9,8.54,8.38,8.41,8.41,1.11,0.57,-19.26,2.48,10326097907.0,10151437289.0,0.12,0.0,-19.0,-19.62
712,300529,健帆生物,23.68,0.34,0.08,22523.0,53212954.0,1.65,23.86,23.47,23.53,23.6,1.13,0.43,33.85,6.39,19122909788.0,12345940652.0,-0.17,-0.34,7.15,6.52
715,301180,万祥科技,14.89,0.34,0.05,12090.0,18003812.0,1.48,15.01,14.79,14.84,14.84,1.15,2.09,136.92,4.48,5956148900.0,861624770.0,-0.13,-0.27,-13.23,-17.69
716,300174,元力股份,14.91,0.34,0.05,8055.0,11976116.9,1.48,14.94,14.72,14.87,14.86,0.74,0.22,23.26,1.79,5454866143.0,5434448418.0,0.0,0.07,-2.87,-6.87
720,300263,隆华科技,6.33,0.32,0.02,38636.0,24478996.0,1.58,6.38,6.28,6.3,6.31,1.13,0.5,24.24,1.86,5724404425.0,4889181655.0,0.0,0.0,-6.5,-10.09
721,300324,旋极信息,3.18,0.32,0.01,274674.0,87133902.74,1.58,3.2,3.15,3.18,3.17,0.71,1.61,-31.05,1.67,5493738092.0,5433199389.0,0.32,0.32,-6.19,-5.92
722,300039,上海凯宝,6.5,0.31,0.02,95703.0,61911026.68,1.85,6.54,6.42,6.49,6.48,1.13,1.04,26.0,1.78,6799000000.0,5959507249.0,-0.15,-0.31,-6.61,-2.26
723,301516,中远通,22.89,0.31,0.07,35101.0,80474384.42,1.75,23.08,22.68,22.7,22.82,1.03,5.67,79.3,4.38,6425263172.0,1416223390.0,-0.26,-0.52,13.09,7.92
724,300222,科大智能,6.59,0.3,0.02,52098.0,34367076.68,2.28,6.65,6.5,6.51,6.57,0.79,0.82,-87.79,2.93,5141796322.0,4189688114.0,0.0,0.0,-8.98,-10.46
725,301377,鼎泰高科,19.95,0.3,0.06,15623.0,31546081.95,3.77,20.44,19.69,19.69,19.89,1.37,2.2,36.25,3.61,8179500000.0,1416928800.0,0.0,-0.05,-0.05,-15.64
729,301345,涛涛车业,56.38,0.28,0.16,1433.0,8078065.9,1.37,56.87,56.1,56.4,56.22,0.85,0.57,22.61,2.15,6164228368.0,1426197501.0,-0.18,-0.18,1.42,-7.42
730,300735,光弘科技,28.19,0.28,0.08,291704.0,826014191.63,2.35,28.62,27.96,27.99,28.11,0.94,3.87,68.31,4.61,21634716823.0,21230697376.0,-0.14,-0.04,24.46,19.75
731,300999,金龙鱼,31.95,0.28,0.09,21677.0,69161927.55,1.13,32.1,31.74,31.91,31.86,1.17,0.4,60.83,1.89,173219849575.0,17337574749.0,-0.13,-0.06,-1.39,-4.28
732,301051,信濠光电,47.18,0.28,0.13,4578.0,21767091.0,2.53,48.19,47.0,47.0,47.05,1.1,0.74,156.91,2.15,5661600000.0,2935928835.0,-0.17,-0.34,-22.18,-25.9
733,300357,我武生物,25.61,0.27,0.07,21336.0,54428497.0,2.19,25.84,25.28,25.54,25.54,1.33,0.44,37.23,6.25,13408986240.0,12396884290.0,-0.39,-0.47,-7.81,-11.69
734,300657,弘信电子,18.69,0.27,0.05,101729.0,192407112.83,5.36,19.5,18.5,18.53,18.64,1.09,2.2,-28.31,6.16,9128383947.0,8660050973.0,0.0,0.05,-10.96,-3.61
736,301291,明阳电气,34.01,0.27,0.09,13555.0,46092452.48,2.06,34.35,33.65,33.76,33.92,0.99,1.88,24.97,2.63,10617922000.0,2447670621.0,-0.35,-0.41,24.81,19.92
737,301109,军信股份,15.3,0.26,0.04,5952.0,9095584.73,0.98,15.32,15.17,15.28,15.26,0.92,0.6,11.67,1.25,6273153000.0,1509357714.0,0.07,0.13,-2.98,-3.16
738,300741,华宝股份,19.24,0.26,0.05,3775.0,7246512.28,0.89,19.3,19.13,19.2,19.19,0.82,0.06,27.63,1.66,11849531200.0,11849476366.0,-0.1,-0.21,-10.88,-10.14
739,300098,高新兴,3.85,0.26,0.01,167388.0,64665136.58,1.3,3.89,3.84,3.84,3.84,1.04,1.09,-75.07,2.19,6690461759.0,5935712964.0,0.0,-0.26,-11.29,-5.17
743,300847,中船汉光,15.98,0.25,0.04,31976.0,51079375.56,2.2,16.12,15.77,15.77,15.94,1.05,1.08,48.98,3.65,4730239800.0,4730239800.0,-0.19,-0.19,-8.69,-8.06
744,301325,曼恩斯特,72.03,0.25,0.18,9129.0,66352993.36,4.02,73.9,71.01,71.18,71.85,2.19,3.48,25.84,2.98,8643600000.0,1889790245.0,-0.17,-0.18,2.83,-7.11
745,300403,汉宇集团,8.19,0.24,0.02,98626.0,80732539.54,1.71,8.25,8.11,8.17,8.17,0.86,2.39,20.86,2.66,4938570000.0,3375541039.0,0.24,0.12,0.0,-7.46
747,300319,麦捷科技,8.53,0.24,0.02,63202.0,53975903.88,1.29,8.59,8.48,8.51,8.51,1.21,0.76,30.22,1.8,7416804121.0,7080312238.0,0.12,0.0,-9.06,-11.51
748,300348,长亮科技,8.68,0.23,0.02,57922.0,50274485.65,1.39,8.72,8.6,8.61,8.66,1.36,0.93,2904.74,4.16,6352646200.0,5431148669.0,0.12,0.0,-16.62,-15.81
750,300394,天孚通信,162.91,0.22,0.36,105431.0,1752050981.67,6.27,172.0,161.8,162.0,162.55,1.49,2.92,88.14,20.15,64331004841.0,58894380955.0,0.3,0.14,68.64,78.0
753,300729,乐歌股份,18.74,0.21,0.04,27782.0,52290463.4,2.3,19.02,18.59,18.61,18.7,0.73,0.94,8.5,2.01,5858076625.0,5537875053.0,0.16,0.0,17.49,4.63
761,300617,安靠智电,29.12,0.21,0.06,5229.0,15235906.0,1.55,29.38,28.93,29.07,29.06,0.98,0.56,24.32,1.79,4892062040.0,2729605016.0,-0.21,-0.17,3.56,-4.08
762,301175,中科环保,4.92,0.2,0.01,45517.0,22357888.2,1.02,4.94,4.89,4.9,4.91,0.79,0.73,26.27,2.17,7241649600.0,3059649600.0,0.0,-0.2,-2.57,-1.4
765,300595,欧普康视,19.91,0.2,0.04,42620.0,84565485.96,2.47,20.17,19.68,19.84,19.87,1.42,0.64,24.9,4.2,17862162306.0,13304763525.0,-0.45,-0.5,-10.76,-11.82
777,300286,安科瑞,23.41,0.17,0.04,11080.0,25844105.0,2.18,23.72,23.21,23.38,23.37,1.14,0.63,21.68,3.87,5026504486.0,4087927333.0,0.04,-0.13,-5.49,-9.72
780,300629,新劲刚,19.03,0.16,0.03,21541.0,41202784.36,1.79,19.27,18.93,18.99,19.0,0.9,1.09,31.83,2.98,4753472281.0,3775036934.0,-0.26,-0.42,-6.72,-12.02
781,300768,迪普科技,12.78,0.16,0.02,32625.0,41581613.24,2.35,12.89,12.59,12.64,12.76,1.65,0.78,92.0,2.56,8228135118.0,5376133321.0,-0.23,-0.31,-15.31,-13.53
783,301165,锐捷网络,40.24,0.15,0.06,48015.0,195427227.36,3.21,41.3,40.01,40.18,40.18,1.79,7.04,61.52,5.5,22863636356.0,2743636356.0,0.0,-0.27,2.18,6.2
787,300541,先进数通,14.86,0.13,0.02,47898.0,71572566.0,1.28,15.04,14.85,14.85,14.84,0.85,1.86,36.02,3.1,4915739356.0,3821128500.0,-0.07,-0.27,-5.47,-3.44
790,301179,泽宇智能,23.73,0.13,0.03,4629.0,11013655.76,1.39,23.93,23.6,23.72,23.7,0.9,0.76,31.24,2.47,5675706469.0,1447020469.0,-0.08,-0.25,-6.13,-8.55
796,300772,运达股份,9.53,0.11,0.01,24931.0,23840599.91,1.26,9.62,9.5,9.51,9.52,1.01,0.36,19.98,1.31,6690806723.0,6555779860.0,-0.21,-0.21,-4.03,-10.43
797,300870,欧陆通,47.93,0.1,0.05,14610.0,70364065.99,2.11,48.68,47.67,47.74,47.88,0.9,1.44,84.77,2.85,4850516000.0,4850516000.0,-0.44,-0.52,9.63,8.27
798,300533,冰川网络,28.76,0.1,0.03,67096.0,194201487.74,2.89,29.23,28.4,28.59,28.73,1.08,4.14,22.35,3.98,6653039584.0,4658407644.0,-0.1,-0.24,-9.84,3.83
801,301308,江波龙,94.39,0.1,0.09,36546.0,346640710.37,2.73,96.27,93.7,94.73,94.3,1.33,3.24,-33.11,6.58,38970256935.0,10653256935.0,0.37,0.1,1.74,2.54
805,300224,正海磁材,11.17,0.09,0.01,44606.0,49865077.0,1.97,11.29,11.07,11.11,11.16,1.17,0.55,18.69,2.63,9162137868.0,9103085440.0,0.09,0.0,-1.06,-4.69
806,300455,航天智装,11.51,0.09,0.01,42875.0,49401627.0,1.39,11.59,11.43,11.48,11.5,0.82,0.61,191.64,4.77,8261508943.0,8156244238.0,0.09,-0.09,-2.21,-3.6
807,300181,佐力药业,12.94,0.08,0.01,119393.0,153887400.12,2.01,13.04,12.78,12.88,12.93,0.7,1.99,23.49,3.32,9075952115.0,7777992773.0,-0.38,-0.61,19.81,21.39
811,300769,德方纳米,43.7,0.07,0.03,41130.0,180625828.6,2.54,44.56,43.45,43.68,43.67,0.94,1.64,-9.19,1.58,12202888379.0,10964400007.0,-0.16,-0.14,-19.68,-28.4
815,300298,三诺生物,22.0,0.05,0.01,19055.0,41734015.0,2.23,22.22,21.73,22.01,21.99,1.3,0.42,29.28,4.14,12413838206.0,10004705480.0,-0.32,-0.63,-31.14,-27.63
818,300470,中密控股,34.75,0.03,0.01,4114.0,14312729.0,1.32,35.04,34.58,34.67,34.74,0.92,0.21,21.86,2.95,7233951876.0,6891084051.0,0.14,-0.06,-3.74,-8.07
820,300763,锦浪科技,66.58,0.02,0.01,27730.0,186151215.51,3.56,68.36,65.99,66.0,66.57,1.08,0.86,26.63,3.44,26688456178.0,21407774001.0,-0.25,-0.34,14.93,-4.75
829,301058,中粮科工,9.78,0.0,0.0,30032.0,29317382.0,1.33,9.83,9.7,9.74,9.78,0.69,1.48,35.32,2.68,5010042116.0,1989385008.0,0.0,0.0,-11.89,-10.52
833,300861,美畅股份,29.1,0.0,0.0,26061.0,76358334.31,2.03,29.6,29.01,29.01,29.1,1.15,0.93,7.54,2.24,13968349200.0,8131350610.0,-0.21,-0.24,-5.76,-12.59
837,300747,锐科激光,21.71,0.0,0.0,30016.0,65466162.76,1.66,21.99,21.63,21.68,21.71,0.78,0.59,54.86,3.8,12262281886.0,11014479706.0,-0.09,-0.18,-8.86,-7.73
839,300593,新雷能,11.23,0.0,0.0,43889.0,49431891.12,1.34,11.33,11.18,11.26,11.23,1.22,0.98,28.91,1.97,6092257807.0,5045609207.0,0.0,-0.18,-27.36,-23.97
844,300458,全志科技,20.44,0.0,0.0,53858.0,110742901.99,1.76,20.76,20.4,20.4,20.44,1.11,1.06,562.65,4.36,12912963704.0,10351582868.0,-0.15,-0.24,-9.44,-9.92
845,300457,赢合科技,16.98,0.0,0.0,39353.0,67059674.85,1.65,17.18,16.9,16.91,16.98,0.98,0.75,16.2,1.8,11029154612.0,8913444065.0,-0.06,-0.12,-2.58,-7.92
846,300444,双杰电气,6.44,0.0,0.0,71874.0,46450395.28,1.55,6.51,6.41,6.41,6.44,0.94,1.21,36.95,3.34,5143145580.0,3814417751.0,0.0,-0.16,-0.77,-4.45
849,300416,苏试试验,14.27,0.0,0.0,31040.0,44412006.13,1.75,14.42,14.17,14.21,14.27,0.99,0.61,24.7,2.96,7256977192.0,7209715280.0,-0.07,-0.07,-19.38,-22.32
862,300307,慈星股份,5.78,0.0,0.0,34009.0,19679337.0,1.21,5.82,5.75,5.79,5.78,0.89,0.44,29.1,1.57,4553494265.0,4502774523.0,0.0,0.0,-9.83,-9.97
863,300303,聚飞光电,5.45,0.0,0.0,151865.0,83256384.7,1.47,5.52,5.44,5.44,5.45,0.95,1.21,31.8,2.41,7315502153.0,6831403363.0,-0.18,-0.18,-1.98,-8.09
873,300197,节能铁汉,1.98,0.0,0.0,162305.0,32067880.32,1.52,1.99,1.96,1.98,1.98,1.18,0.6,-14.62,1.06,5871290198.0,5346657427.0,0.51,0.0,-7.48,-4.35
878,300142,沃森生物,17.82,0.0,0.0,85012.0,150984182.65,2.24,18.02,17.62,17.82,17.82,1.29,0.54,38.82,3.0,28642949985.0,27933304000.0,-0.28,-0.39,-19.18,-24.2
879,300140,节能环境,7.07,0.0,0.0,25037.0,17701413.0,0.85,7.1,7.04,7.1,7.07,1.44,0.59,24.06,1.68,22020735183.0,2993405718.0,-0.28,-0.14,-1.81,-4.07
880,300118,东方日升,16.2,0.0,0.0,127095.0,207518043.63,2.72,16.54,16.1,16.17,16.2,1.65,1.38,10.83,1.21,18468224581.0,14913125476.0,0.0,-0.06,5.95,-8.22
881,300114,中航电测,43.6,0.0,0.0,25019.0,109230890.84,1.24,43.95,43.41,43.5,43.6,0.91,0.42,262.38,10.8,25757157756.0,25757157756.0,0.02,0.09,-0.64,-0.34
888,300053,航宇微,12.21,0.0,0.0,138466.0,170328420.82,2.78,12.46,12.12,12.16,12.21,0.82,2.15,113.16,3.34,8508835484.0,7857115806.0,-0.08,0.0,-5.42,-0.16
889,300041,回天新材,9.12,0.0,0.0,56121.0,51124687.4,0.88,9.15,9.07,9.13,9.12,1.29,1.03,12.94,1.86,5101930646.0,4965132489.0,0.11,0.0,-7.13,-8.98
891,300035,中科电气,9.49,0.0,0.0,21033.0,20022119.7,1.05,9.57,9.47,9.5,9.49,0.77,0.34,-91.5,1.45,6864219160.0,5923288953.0,0.0,-0.11,-6.69,-9.96
894,300017,网宿科技,9.92,0.0,0.0,392828.0,391849391.03,2.22,10.08,9.86,9.9,9.92,0.99,1.73,42.59,2.58,24176895982.0,22562668089.0,-0.1,0.0,35.52,26.37
895,300008,天海防务,3.89,0.0,0.0,101590.0,39562418.5,1.03,3.91,3.87,3.87,3.89,0.91,0.62,56.45,3.51,6722033327.0,6407491576.0,0.0,0.0,-4.89,-2.26
897,300672,国科微,57.35,-0.03,-0.02,18377.0,106010459.52,1.26,58.0,57.28,57.37,57.37,0.97,0.87,119.42,3.07,12453017539.0,12049227028.0,-0.02,-0.12,-3.56,-2.7
900,300442,润泽科技,24.97,-0.04,-0.01,58007.0,145788103.8,1.76,25.33,24.89,25.1,24.98,0.94,1.62,28.77,5.42,42962823896.0,8959059362.0,-0.08,-0.12,-3.52,-1.58
904,300748,金力永磁,16.47,-0.06,-0.01,65113.0,107052763.25,1.27,16.54,16.33,16.45,16.48,0.84,0.57,39.29,3.15,22148382240.0,18672022777.0,-0.12,-0.18,-15.63,-18.55
907,301525,儒竞科技,69.68,-0.07,-0.05,4245.0,29593003.31,1.13,70.19,69.4,69.48,69.73,1.04,1.8,24.61,2.14,6571643994.0,1643751200.0,-0.2,-0.19,-18.27,-17.42
908,300827,上能电气,27.85,-0.07,-0.02,30089.0,84260496.67,2.4,28.27,27.6,27.83,27.87,0.92,1.15,35.88,6.17,9971385175.0,7259216351.0,-0.07,-0.18,-1.52,-7.96
910,300024,机器人,12.35,-0.08,-0.01,143671.0,177892568.74,1.21,12.45,12.3,12.34,12.36,0.69,0.95,-180.45,4.49,19145117583.0,18750201682.0,0.0,-0.08,6.65,4.04
911,300396,迪瑞医疗,24.41,-0.08,-0.02,20324.0,49260133.54,2.54,24.57,23.95,24.43,24.43,1.91,0.78,21.46,3.29,6702153888.0,6332800319.0,0.04,-0.29,-18.71,-17.11
915,301116,益客食品,10.28,-0.1,-0.01,17329.0,17666850.78,1.94,10.33,10.13,10.25,10.29,1.69,1.49,-643.55,2.4,4615510216.0,1197605269.0,0.0,-0.1,-20.31,-19.81
918,301267,华厦眼科,28.16,-0.11,-0.03,23342.0,65431412.89,1.92,28.38,27.84,28.06,28.19,1.37,0.71,31.83,4.28,23654400000.0,9259821120.0,-0.39,-0.46,-15.86,-12.25
921,300802,矩子科技,17.69,-0.11,-0.02,13545.0,23985091.44,1.75,17.88,17.57,17.68,17.71,1.16,0.7,58.84,3.06,5117638368.0,3441630806.0,0.0,-0.06,-3.44,-7.48
924,300655,晶瑞电材,8.48,-0.12,-0.01,78466.0,66707337.83,1.53,8.58,8.45,8.53,8.49,0.91,0.83,282.75,4.54,8461945631.0,7995294317.0,0.0,-0.12,-12.12,-12.85
925,300382,斯莱克,8.44,-0.12,-0.01,14760.0,12484297.45,0.95,8.5,8.42,8.46,8.45,0.83,0.23,37.92,2.38,5304411805.0,5303194715.0,-0.24,-0.35,-9.93,-15.01
927,300233,金城医药,16.83,-0.12,-0.02,16855.0,28427652.0,1.6,16.98,16.71,16.72,16.85,1.09,0.46,36.57,1.76,6460609299.0,6230335231.0,-0.3,-0.41,-0.53,1.02
928,300081,恒信东方,8.4,-0.12,-0.01,183625.0,154670659.46,1.55,8.48,8.35,8.41,8.41,0.89,3.62,-37.96,2.92,5080281503.0,4257001619.0,-0.24,-0.24,-17.16,-27.27
931,301069,凯盛新材,15.86,-0.13,-0.02,18089.0,28872782.72,2.83,16.25,15.8,16.15,15.88,1.54,1.29,42.23,4.43,6671350400.0,2227378400.0,-0.19,-0.25,-15.05,-25.96
932,300623,捷捷微电,15.62,-0.13,-0.02,32377.0,50801064.44,1.28,15.78,15.58,15.64,15.64,0.76,0.51,52.49,3.33,11501339628.0,9831748427.0,-0.06,-0.19,-0.32,-1.58
933,300722,新余国科,23.27,-0.13,-0.03,11774.0,27457613.56,1.07,23.45,23.2,23.25,23.3,0.75,0.51,70.86,9.15,5366769408.0,5366769408.0,-0.13,-0.17,-6.21,-11.15
934,300791,仙乐健康,35.25,-0.14,-0.05,2475.0,8746378.0,1.87,35.66,35.0,35.3,35.3,0.8,0.17,25.93,2.4,6400072379.0,5285979456.0,-0.48,-0.54,3.65,1.7
935,300337,银邦股份,7.05,-0.14,-0.01,99255.0,70124575.03,1.27,7.11,7.02,7.04,7.06,0.91,1.4,62.95,3.52,5794536000.0,5004711683.0,0.0,0.0,-8.68,-12.86
937,300257,开山股份,13.85,-0.14,-0.02,13595.0,18913559.05,1.59,14.04,13.82,13.95,13.87,0.98,0.14,29.73,2.21,13761844999.0,13218145507.0,0.0,-0.07,-10.01,-12.12
939,300910,瑞丰新材,40.16,-0.15,-0.06,5121.0,20552336.0,0.75,40.31,40.01,40.17,40.22,0.65,0.25,19.25,3.9,11575238930.0,8107247310.0,-0.05,-0.07,-18.22,-12.58
942,300598,诚迈科技,44.57,-0.16,-0.07,32256.0,143914629.12,1.61,44.96,44.24,44.43,44.64,0.92,1.93,-36.47,6.05,7440164098.0,7438080763.0,-0.16,-0.27,2.51,3.82
943,300376,易事特,6.27,-0.16,-0.01,65284.0,41018060.0,0.96,6.31,6.25,6.26,6.28,1.18,0.28,20.98,2.1,14598067785.0,14576720554.0,-0.16,-0.16,1.95,-1.57
947,300347,泰格医药,52.21,-0.17,-0.09,139739.0,726230664.43,3.21,52.94,51.26,51.82,52.3,0.92,2.42,18.17,2.16,45548955266.0,30156828891.0,-0.65,-0.89,-1.66,-5.02
948,300507,苏奥传感,5.79,-0.17,-0.01,107822.0,62602009.63,1.72,5.85,5.75,5.8,5.8,0.87,1.41,37.89,2.41,4582952372.0,4442253600.0,-0.17,-0.17,-15.23,-14.35
950,300034,钢研高纳,16.88,-0.18,-0.03,38848.0,65823000.83,1.42,17.05,16.81,16.91,16.91,1.13,0.52,41.7,3.98,13084324595.0,12493788480.0,-0.12,-0.3,-12.99,-17.05
957,300070,碧水源,5.04,-0.2,-0.01,81154.0,40909689.47,0.79,5.06,5.02,5.06,5.05,0.72,0.25,34.45,0.67,18266015190.0,16649094954.0,0.0,0.0,1.2,1.0
960,301048,金鹰重工,9.34,-0.21,-0.02,19456.0,18182929.59,1.07,9.4,9.3,9.3,9.36,0.75,1.46,21.45,2.11,4981333956.0,1245333956.0,0.11,0.0,-8.79,-11.39
962,300951,博硕科技,46.35,-0.22,-0.1,7811.0,36323162.0,1.72,46.82,46.02,46.26,46.45,0.81,0.72,20.09,2.58,5610514869.0,4994189649.0,-0.22,-0.32,-24.45,-28.45
963,300973,立高食品,36.46,-0.22,-0.08,7527.0,27298131.06,2.13,36.74,35.96,36.53,36.54,0.91,1.06,29.23,2.74,6174144494.0,2590321118.0,-0.25,-0.27,-22.09,-24.9
964,301095,广立微,58.6,-0.22,-0.13,8994.0,52962320.91,1.31,59.27,58.5,58.91,58.73,0.76,0.84,172.23,3.7,11720000000.0,6289999065.0,-0.07,-0.14,-21.76,-21.58
965,300435,中泰股份,13.43,-0.22,-0.03,12211.0,16409191.0,0.89,13.5,13.38,13.44,13.46,1.07,0.33,14.87,1.67,5146249758.0,4919927129.0,0.0,0.0,-2.33,-6.61
966,300080,易成新能,4.44,-0.22,-0.01,39994.0,17779210.94,1.35,4.47,4.41,4.42,4.45,1.41,0.31,73.03,1.64,9662103451.0,5757312880.0,0.0,-0.22,-3.69,-8.26
967,301216,万凯新材,12.98,-0.23,-0.03,14384.0,18656458.82,0.69,13.02,12.93,12.95,13.01,0.94,0.5,10.44,1.15,6685908438.0,3706316949.0,0.08,-0.15,-5.81,-8.14
971,300660,江苏雷利,28.97,-0.24,-0.07,36578.0,105551771.7,1.79,29.12,28.6,28.85,29.04,0.92,1.15,27.33,2.84,9184025192.0,9179429565.0,-0.31,-0.38,-2.79,-4.26
973,300589,江龙船艇,11.97,-0.25,-0.03,43654.0,52560718.3,1.83,12.14,11.92,11.93,12.0,1.81,1.96,214.95,5.73,4520685912.0,2665872180.0,0.0,-0.08,-10.07,-13.76
975,300260,新莱应材,26.9,-0.26,-0.07,37228.0,100445183.9,1.71,27.24,26.78,27.0,26.97,1.44,1.34,45.09,6.15,10970001629.0,7496256571.0,-0.15,0.07,-10.81,-11.6
978,301050,雷电微力,51.76,-0.27,-0.14,14938.0,77870507.97,1.5,52.48,51.7,52.0,51.9,1.27,1.11,25.7,3.46,9056318111.0,6970373806.0,-0.25,-0.33,-7.65,-11.16
979,300037,新宙邦,40.05,-0.27,-0.11,33852.0,136031198.45,1.69,40.53,39.85,40.2,40.16,0.97,0.62,28.41,3.5,30192964007.0,21725434850.0,-0.12,-0.02,-12.36,-15.33
980,300144,宋城演艺,10.85,-0.28,-0.03,63394.0,68904284.52,0.83,10.92,10.83,10.84,10.88,1.13,0.28,27.09,3.43,28428020334.0,24649731442.0,-0.09,-0.09,9.05,9.93
981,300278,华昌达,3.54,-0.28,-0.01,68460.0,24343926.0,1.41,3.58,3.53,3.57,3.55,0.89,0.5,54.99,2.93,5032133038.0,4837843303.0,0.0,0.0,-8.05,-7.33
982,301195,北路智控,41.96,-0.29,-0.12,2331.0,9812249.42,2.12,42.49,41.6,42.48,42.08,0.61,0.51,25.31,2.48,5518652210.0,1936359170.0,-0.14,-0.07,6.66,3.4
983,300894,火星人,13.92,-0.29,-0.04,11192.0,15555024.0,1.0,13.99,13.85,13.89,13.96,0.97,0.38,19.19,3.66,5696573152.0,4093433896.0,-0.07,-0.29,-11.56,-14.29
985,300232,洲明科技,6.57,-0.3,-0.02,119407.0,78686604.9,1.37,6.63,6.54,6.55,6.59,0.84,1.34,28.23,1.5,7188167864.0,5836226140.0,-0.15,-0.15,6.48,-25.34
987,300576,容大感光,41.65,-0.31,-0.13,90997.0,378638576.48,4.12,42.5,40.78,41.2,41.78,2.29,5.95,97.09,8.29,10263556101.0,6370048669.0,-0.38,-0.48,1.17,6.09
988,300842,帝科股份,76.71,-0.31,-0.24,18616.0,143799825.91,1.94,78.11,76.62,76.98,76.95,1.35,2.16,19.99,5.83,7709355000.0,6597138474.0,-0.04,-0.1,21.78,8.73
993,301382,蜂助手,32.34,-0.34,-0.11,10292.0,33422855.0,1.17,32.68,32.3,32.35,32.45,1.1,2.7,45.74,3.36,5484346560.0,1233072456.0,-0.28,-0.43,-14.53,-9.21
994,300207,欣旺达,14.58,-0.34,-0.05,270649.0,397984978.84,2.8,14.89,14.48,14.52,14.63,2.45,1.57,25.34,1.19,27151127592.0,25195651067.0,-0.14,-0.34,3.33,-1.22
996,300602,飞荣达,17.27,-0.35,-0.06,66395.0,115249956.42,2.08,17.57,17.21,17.35,17.33,1.04,1.72,152.47,2.74,9982920581.0,6669887647.0,-0.23,-0.29,1.65,-4.43
998,300581,晨曦航空,8.6,-0.35,-0.03,41410.0,35841938.7,2.09,8.76,8.58,8.63,8.63,0.79,0.75,-108.74,4.76,4730942096.0,4730942096.0,-0.23,-0.12,-10.97,-12.51
999,300607,拓斯达,14.13,-0.35,-0.05,40223.0,57021382.24,1.69,14.32,14.08,14.13,14.18,0.99,1.41,34.96,2.52,6002851065.0,4030232627.0,-0.14,-0.14,-8.31,-9.83
1000,300088,长信科技,5.61,-0.36,-0.02,197953.0,111334254.16,1.24,5.66,5.59,5.63,5.63,1.08,0.81,33.8,1.66,13772112577.0,13703502659.0,0.0,0.0,-13.29,-16.14
1002,301096,百诚医药,71.65,-0.36,-0.26,4696.0,33579305.06,1.89,72.3,70.94,71.98,71.91,0.82,0.68,29.05,3.0,7804111050.0,4966771050.0,-0.54,-0.54,17.15,10.06
1003,300073,当升科技,35.71,-0.36,-0.13,41950.0,151181041.31,1.84,36.36,35.7,35.84,35.84,1.03,0.83,9.09,1.43,18087142640.0,18046540762.0,-0.2,-0.2,-0.81,-6.52
1004,300005,探路者,5.42,-0.37,-0.02,46786.0,25363349.0,1.47,5.47,5.39,5.42,5.44,0.6,0.53,77.95,2.24,4789665848.0,4789665848.0,-0.18,-0.37,-19.94,-18.13
1005,300323,华灿光电,5.33,-0.37,-0.02,45329.0,24243006.0,1.68,5.39,5.3,5.31,5.35,1.1,0.61,-11.37,1.1,8617004588.0,3939818617.0,0.0,-0.37,-16.59,-27.19
1006,300083,创世纪,5.29,-0.38,-0.02,100001.0,52961885.85,1.32,5.33,5.26,5.28,5.31,0.97,0.66,41.23,1.84,8914155666.0,8007569352.0,-0.19,-0.38,-14.68,-16.43
1008,301172,君逸数码,36.7,-0.38,-0.14,15064.0,55480561.85,2.39,37.14,36.26,36.29,36.84,1.08,4.98,77.88,3.17,4521440000.0,1109768584.0,-0.46,-0.52,-7.9,-5.53
1009,300691,联合光电,18.33,-0.38,-0.07,25574.0,47191964.54,2.66,18.77,18.28,18.57,18.4,1.33,1.3,75.26,2.98,4934380387.0,3598868355.0,-0.16,-0.22,-4.23,-20.96
1010,300592,华凯易佰,20.83,-0.38,-0.08,14458.0,30353577.0,1.82,21.16,20.78,20.87,20.91,0.86,1.0,15.1,2.89,6023528185.0,3005799662.0,-0.1,-0.14,-20.34,-15.91
1012,300516,久之洋,27.95,-0.39,-0.11,11467.0,32089069.48,2.14,28.25,27.65,27.68,28.06,1.53,0.64,87.23,3.94,5031000000.0,5031000000.0,-0.11,-0.18,-10.45,-16.47
1013,300751,迈为股份,116.83,-0.4,-0.47,10723.0,126262605.17,2.72,119.29,116.1,117.0,117.3,1.16,0.56,34.27,4.7,32608509974.0,22554985066.0,-0.02,-0.15,15.8,-9.79
1014,300755,华致酒行,17.34,-0.4,-0.07,5256.0,9111102.0,1.09,17.47,17.28,17.38,17.41,0.73,0.13,23.47,1.9,7227284256.0,7221756871.0,0.12,-0.29,-1.7,-5.19
1015,301269,华大九天,88.26,-0.41,-0.36,5822.0,51513707.0,1.08,89.07,88.11,88.22,88.62,0.82,0.22,209.68,10.09,47920040444.0,23604911584.0,-0.08,-0.11,-11.12,-16.62
1016,300855,图南股份,24.5,-0.41,-0.1,5407.0,13266489.35,1.71,24.87,24.45,24.54,24.6,0.68,0.19,27.86,5.51,9685027625.0,6956943781.0,-0.12,-0.12,-17.01,-18.87
1018,300327,中颖电子,19.52,-0.41,-0.08,22670.0,44485840.04,1.68,19.77,19.44,19.44,19.6,1.09,0.67,50.29,4.26,6676393607.0,6622278116.0,-0.2,-0.26,-15.13,-14.39
1020,301526,国际复材,4.8,-0.41,-0.02,164972.0,79321003.76,1.45,4.84,4.77,4.83,4.82,1.14,3.02,32.39,2.15,18100214630.0,2620923254.0,0.0,0.0,80.45,-13.2
1021,300384,三联虹普,14.39,-0.42,-0.06,9867.0,14228367.3,1.31,14.52,14.33,14.41,14.45,1.16,0.45,16.3,1.88,4590514543.0,3166259904.0,0.07,0.14,-8.81,-9.84
1024,300708,聚灿光电,9.29,-0.43,-0.04,44982.0,41894233.45,1.18,9.37,9.26,9.3,9.33,0.85,0.9,51.45,2.24,6233430639.0,4631252862.0,0.0,-0.21,-12.85,-16.46
1025,300775,三角防务,25.51,-0.43,-0.11,31194.0,80076542.9,1.48,25.87,25.49,25.78,25.62,1.04,0.59,17.08,2.73,14036498243.0,13559442110.0,0.0,-0.23,-3.19,-8.57
1026,301030,仕净科技,57.42,-0.43,-0.25,17914.0,102872613.36,2.84,58.19,56.55,57.03,57.67,0.85,1.56,37.19,4.6,8248189035.0,6575069285.0,-0.33,-0.19,57.66,37.7
1028,300982,苏文电能,22.54,-0.44,-0.1,12660.0,28663274.4,1.9,22.88,22.45,22.53,22.64,0.82,1.57,17.22,1.45,4664994391.0,1816063713.0,-0.4,-0.27,-21.13,-31.36
1029,300815,玉禾田,13.36,-0.45,-0.06,17451.0,23267875.96,1.42,13.44,13.25,13.44,13.42,1.37,0.45,8.69,1.49,5325189120.0,5180901120.0,0.0,-0.07,-9.36,-8.49
1034,300331,苏大维格,19.35,-0.46,-0.09,31794.0,61546909.45,1.8,19.55,19.2,19.4,19.44,1.09,1.58,291.91,2.88,5024465234.0,3888778498.0,-0.1,-0.1,-16.56,-22.54
1035,300136,信维通信,21.42,-0.46,-0.1,156190.0,336505294.74,1.49,21.73,21.41,21.48,21.52,0.85,1.89,30.05,2.94,20725320226.0,17659883420.0,-0.37,-0.19,-4.88,-9.24
1038,300820,英杰电气,52.45,-0.47,-0.25,16313.0,86105625.29,2.6,53.55,52.18,52.97,52.7,1.21,1.49,30.97,5.85,11558024035.0,5757190824.0,-0.1,-0.06,-1.21,-8.43
1040,300762,上海瀚讯,14.48,-0.48,-0.07,132338.0,190936347.36,3.3,14.66,14.18,14.41,14.55,0.94,2.11,-108.59,3.46,9092944379.0,9092944379.0,-0.34,-0.62,0.84,-3.98
1043,300406,九强生物,20.27,-0.49,-0.1,17723.0,35777166.17,1.91,20.41,20.02,20.37,20.37,1.41,0.42,24.09,3.51,11927792880.0,8553244070.0,-0.15,-0.25,1.25,6.13
1044,300568,星源材质,12.11,-0.49,-0.06,87433.0,106640235.51,2.05,12.33,12.08,12.17,12.17,1.09,0.72,18.3,1.81,16288669455.0,14684511511.0,-0.08,-0.16,-13.87,-21.47
1049,300049,福瑞股份,54.97,-0.51,-0.28,42617.0,233810612.5,4.52,56.21,53.71,54.31,55.25,1.33,1.85,140.97,9.08,14460028907.0,12670628701.0,-0.6,-0.63,34.01,26.11
1051,300351,永贵电器,19.46,-0.51,-0.1,99588.0,195496261.82,2.66,19.95,19.43,19.9,19.56,1.29,3.83,62.7,3.22,7526918941.0,5064867861.0,-0.31,-0.46,2.15,-6.08
1053,300184,力源信息,5.73,-0.52,-0.03,435398.0,248813960.8,2.26,5.79,5.66,5.74,5.76,0.84,4.15,65.68,1.81,6612488313.0,6007281456.0,0.0,-0.35,-3.21,-3.7
1054,300433,蓝思科技,13.31,-0.52,-0.07,136284.0,182315700.66,2.02,13.55,13.28,13.32,13.38,0.97,0.27,30.16,1.48,66326764427.0,66026802880.0,-0.08,-0.15,5.97,0.83
1055,301215,中汽股份,5.68,-0.53,-0.03,78909.0,45150911.27,2.45,5.79,5.65,5.66,5.71,1.27,1.03,45.8,2.7,7511232000.0,4358832000.0,-0.35,-0.35,-12.35,-7.94
1058,300428,立中集团,18.21,-0.55,-0.1,22081.0,40330366.0,1.86,18.43,18.09,18.3,18.31,0.83,0.42,18.92,1.71,11399820995.0,9636191891.0,-0.05,-0.11,-7.56,-13.78
1059,300709,精研科技,36.28,-0.55,-0.2,121346.0,446146536.01,2.77,37.19,36.18,36.42,36.48,1.03,8.15,43.43,3.33,6750861987.0,5401351090.0,-0.22,-0.47,19.89,16.32
1060,301498,乖宝宠物,43.11,-0.55,-0.24,6667.0,28777352.19,2.51,43.8,42.71,43.32,43.35,1.84,1.67,41.14,4.87,17245918395.0,1724593995.0,0.33,0.23,8.29,8.29
1061,301268,铭利达,25.13,-0.55,-0.14,6674.0,16870782.5,1.42,25.46,25.1,25.14,25.27,0.94,0.32,25.86,4.24,10052251300.0,5281385133.0,-0.24,-0.28,-9.99,-15.76
1063,300699,光威复材,30.43,-0.56,-0.17,79370.0,243757282.81,2.42,31.1,30.36,30.45,30.6,1.32,0.97,29.11,4.65,25298041360.0,24878279533.0,-0.07,-0.29,31.56,14.1
1064,300441,鲍斯股份,7.12,-0.56,-0.04,50169.0,35803947.0,2.09,7.21,7.06,7.18,7.16,1.27,0.79,16.55,2.48,4644068900.0,4519777680.0,-0.14,-0.14,8.37,3.34
1069,300316,晶盛机电,37.69,-0.58,-0.22,53322.0,202533416.5,2.29,38.48,37.61,37.69,37.91,1.14,0.43,10.53,3.56,49356328809.0,46417324270.0,-0.08,-0.05,-6.8,-14.52
1071,300978,东箭科技,11.79,-0.59,-0.07,19914.0,23557737.59,1.52,11.94,11.76,11.78,11.86,0.91,1.51,29.72,3.06,4983665293.0,1554820929.0,-0.17,-0.08,-14.63,-14.13
1074,301263,泰恩康,14.84,-0.6,-0.09,19123.0,28384136.82,1.54,14.98,14.75,14.98,14.93,1.53,0.71,33.39,3.45,6314382900.0,3976823245.0,-0.54,-0.67,-15.87,-9.12
1076,300666,江丰电子,49.12,-0.61,-0.3,13649.0,67434470.66,1.6,49.83,49.04,49.45,49.42,1.07,0.65,56.23,3.15,13037237997.0,10235367131.0,0.14,-0.04,-13.58,-16.15
1077,300783,三只松鼠,21.25,-0.61,-0.13,28797.0,61074646.2,2.62,21.58,21.02,21.33,21.38,1.21,1.03,37.68,3.47,8521250000.0,5958149375.0,-0.14,-0.33,18.85,17.73
1080,301219,腾远钴业,38.47,-0.62,-0.24,10718.0,41138092.67,1.27,38.68,38.19,38.28,38.71,0.91,0.62,35.27,1.33,11337769992.0,6625439892.0,-0.16,-0.16,7.22,-2.29
1084,300054,鼎龙股份,21.74,-0.64,-0.14,24608.0,53654759.0,1.23,21.95,21.68,21.85,21.88,0.87,0.33,87.49,4.63,20560200440.0,15992449868.0,-0.14,-0.18,-5.35,-10.17
1087,300346,南大光电,26.02,-0.65,-0.17,58959.0,153562999.24,1.68,26.26,25.82,26.08,26.19,1.39,1.15,49.24,6.48,14139895238.0,13366906192.0,-0.15,-0.23,-6.13,-5.76
1088,301367,怡和嘉业,97.57,-0.65,-0.64,4743.0,46057704.29,2.52,98.69,96.22,98.1,98.21,3.04,1.17,17.32,2.25,6244480000.0,3957806844.0,-0.52,-0.32,-22.56,-19.86
1092,300443,金雷股份,22.5,-0.66,-0.15,38706.0,87493188.1,1.41,22.77,22.45,22.56,22.65,0.82,1.56,16.8,1.21,7322712705.0,5582100263.0,0.0,-0.13,-13.79,-18.45
1093,300841,康华生物,62.63,-0.67,-0.42,11511.0,72006985.0,2.49,63.48,61.91,63.48,63.05,1.05,0.94,17.14,2.5,8433157621.0,7655346945.0,-0.27,-0.41,-13.25,-19.23
1095,300456,赛微电子,22.12,-0.67,-0.15,146401.0,327731658.3,3.1,22.75,22.06,22.27,22.27,1.49,2.47,992.85,3.25,16224956604.0,13119805331.0,-0.27,-0.23,-6.47,-7.99
1097,300302,同有科技,13.19,-0.68,-0.09,169652.0,222945605.42,3.31,13.38,12.94,13.13,13.28,0.82,4.63,-63.43,4.41,6353659906.0,4837791083.0,0.46,0.69,-3.3,-2.58
1099,300803,指南针,48.17,-0.68,-0.33,37457.0,181372538.5,1.51,48.85,48.12,48.41,48.5,1.07,0.93,271.29,10.51,19698462197.0,19468366680.0,-0.06,-0.15,-21.38,-20.06
1100,301015,百洋医药,36.2,-0.69,-0.25,6080.0,22068951.0,1.45,36.63,36.1,36.63,36.45,0.78,0.51,28.88,7.9,19027141259.0,4303696259.0,-0.06,-0.3,-2.56,0.95
1101,300001,特锐德,20.24,-0.69,-0.14,56294.0,114643526.53,2.06,20.62,20.2,20.35,20.38,1.25,0.55,72.24,3.29,21371369711.0,20805633517.0,-0.2,-0.15,5.42,0.7
1102,301168,通灵股份,44.54,-0.69,-0.31,14630.0,65671908.46,3.1,45.69,44.3,44.51,44.85,1.29,2.95,27.61,2.56,5344800000.0,2211544620.0,-0.18,-0.07,26.53,-3.51
1108,300684,中石科技,18.09,-0.71,-0.13,58713.0,106473434.6,2.47,18.38,17.93,18.1,18.22,1.12,3.23,74.78,2.89,5418121844.0,3291697663.0,0.17,-0.06,-4.79,-15.82
1112,300296,利亚德,5.38,-0.74,-0.04,98223.0,53097360.37,1.48,5.45,5.37,5.42,5.42,1.24,0.47,22.14,1.61,13608150561.0,11255172419.0,0.0,0.0,-5.61,-10.33
1113,301200,大族数控,34.95,-0.74,-0.26,3384.0,11867098.49,0.97,35.28,34.94,34.99,35.21,1.17,0.59,69.05,3.13,14679000000.0,2003795270.0,-0.31,-0.34,-5.28,-7.47
1114,301085,亚康股份,53.69,-0.74,-0.4,14331.0,77262916.36,2.44,54.48,53.16,53.26,54.09,1.23,3.64,59.61,4.21,4658985991.0,2114536517.0,-0.33,-0.35,-10.1,-6.48
1115,300007,汉威科技,17.27,-0.75,-0.13,57355.0,99411959.11,1.67,17.47,17.18,17.3,17.4,0.67,2.02,36.73,1.99,5654985840.0,4896856966.0,-0.06,-0.06,-14.38,-16.89
1116,300349,金卡智能,13.1,-0.76,-0.1,27574.0,36261534.2,1.59,13.27,13.06,13.23,13.2,0.64,0.74,13.88,1.32,5512510300.0,4884933159.0,-0.23,-0.23,7.29,5.48
1121,300474,景嘉微,83.35,-0.77,-0.65,122146.0,1031623956.44,3.49,85.83,82.9,83.15,84.0,0.88,3.71,1835.74,11.16,38124898538.0,27413415920.0,0.0,-0.2,18.7,17.88
1122,300705,九典制药,37.11,-0.78,-0.29,8690.0,32105380.2,2.43,37.56,36.65,37.06,37.4,0.89,0.4,30.99,7.03,12808346796.0,7978402810.0,-0.22,-0.35,6.15,11.68
1124,300476,胜宏科技,26.39,-0.79,-0.21,141993.0,378613665.18,3.5,27.28,26.35,26.5,26.6,0.88,1.66,29.15,3.07,22766353236.0,22568957936.0,-0.08,-0.19,42.34,43.04
1127,300236,上海新阳,34.91,-0.8,-0.28,16451.0,57794098.64,1.11,35.3,34.91,35.0,35.19,1.17,0.59,65.57,2.61,10940144744.0,9719597410.0,-0.23,-0.37,0.61,-0.88
1130,300850,新强联,25.93,-0.8,-0.21,28037.0,73133988.79,1.99,26.35,25.83,26.18,26.14,1.37,1.21,20.55,1.9,9302173189.0,6004075657.0,-0.12,-0.23,-8.63,-18.54
1131,300613,富瀚微,36.96,-0.83,-0.31,12271.0,45633309.99,1.48,37.5,36.95,37.01,37.27,1.1,0.56,35.57,3.62,8525890740.0,8037832979.0,-0.03,-0.14,-13.64,-12.91
1132,300573,兴齐眼药,212.22,-0.83,-1.78,15784.0,338780772.36,2.77,218.0,212.07,214.5,214.0,0.95,1.65,108.76,16.58,26440318751.0,20342031043.0,-0.31,-0.92,24.03,16.4
1133,300093,金刚光伏,21.42,-0.83,-0.18,128429.0,277330357.2,5.42,22.16,20.99,21.29,21.6,1.67,5.97,-20.05,-35.2,4626720000.0,4610027394.0,-0.28,-0.46,26.82,-28.29
1138,300201,海伦哲,4.68,-0.85,-0.04,86967.0,40888073.17,1.48,4.74,4.67,4.71,4.72,1.13,0.86,27.48,3.5,4871512704.0,4743775984.0,0.0,0.0,-4.88,-7.14
1139,300390,天华新能,22.05,-0.85,-0.19,40544.0,89909221.33,1.84,22.42,22.01,22.18,22.24,1.01,0.6,7.6,1.5,18467694775.0,14976219277.0,-0.09,-0.09,-8.16,-13.02
1141,300415,伊之密,18.33,-0.87,-0.16,13894.0,25585437.26,1.51,18.53,18.25,18.49,18.49,0.93,0.33,17.66,3.32,8588907970.0,7772845977.0,-0.05,-0.16,7.51,3.97
1147,300342,天银机电,14.74,-0.87,-0.13,146439.0,215879473.08,1.55,14.88,14.65,14.78,14.87,1.16,3.52,109.65,4.09,6265017566.0,6135502669.0,-0.34,-0.54,2.43,-4.1
1148,300492,华图山鼎,100.85,-0.87,-0.89,2611.0,26587647.0,2.11,102.95,100.8,102.0,101.74,0.7,0.19,-2869.09,47.57,14168060500.0,14168060500.0,-0.32,-0.25,62.4,19.11
1151,300726,宏达电子,25.75,-0.89,-0.23,16207.0,42041876.0,1.58,26.15,25.74,25.88,25.98,1.11,0.76,20.62,2.26,10604876009.0,5499483455.0,-0.35,-0.43,-12.59,-14.71
1152,300671,富满微,26.44,-0.9,-0.24,28357.0,75671449.5,2.29,26.98,26.37,26.63,26.68,1.68,1.31,-32.1,2.81,5756635066.0,5737999969.0,-0.11,-0.11,-16.86,-18.22
1153,300127,银河磁体,15.35,-0.9,-0.14,25617.0,39442669.0,2.0,15.57,15.26,15.36,15.49,1.31,1.11,25.48,3.5,4960296626.0,3543027749.0,0.0,-0.07,-8.3,-11.32
1154,300067,安诺其,4.38,-0.9,-0.04,530998.0,235673286.63,5.88,4.55,4.29,4.35,4.42,1.07,6.88,-414.29,1.97,5056160634.0,3379641087.0,-0.45,-0.45,42.67,40.84
1155,300724,捷佳伟创,66.3,-0.91,-0.61,31302.0,210498525.79,3.06,68.33,66.28,67.12,66.91,1.45,1.14,14.16,2.77,23084130857.0,18175799047.0,-0.18,-0.32,7.98,-10.42
1156,300765,新诺威,39.75,-0.92,-0.37,42733.0,170152543.27,1.72,40.2,39.51,40.12,40.12,0.63,0.41,61.59,9.16,46537000622.0,41319133715.0,-0.45,-0.82,8.52,8.55
1157,301301,川宁生物,9.63,-0.93,-0.09,50271.0,48293213.03,1.95,9.73,9.54,9.65,9.72,1.07,0.82,25.08,3.22,21405564000.0,5902345998.0,-0.41,-0.21,12.76,14.64
1158,300520,科大国创,17.88,-0.94,-0.17,92847.0,165533897.19,3.32,18.16,17.56,17.59,18.05,2.54,3.98,60.32,2.23,5206073434.0,4167315506.0,-0.11,-0.45,-18.51,-17.76
1161,301266,宇邦新材,47.7,-0.96,-0.46,19102.0,91947361.53,4.59,49.51,47.3,47.77,48.16,1.14,5.09,31.62,3.35,4960800000.0,1788750000.0,-0.06,-0.17,25.36,-13.85
1163,301566,达利凯普,19.64,-0.96,-0.19,26577.0,52345503.0,2.02,19.9,19.5,19.78,19.83,1.38,5.81,59.42,6.37,7856196400.0,898056951.0,-0.2,-0.25,120.67,-32.25
1164,300856,科思股份,79.53,-0.96,-0.77,4125.0,32847374.7,2.28,80.64,78.81,79.89,80.3,1.1,0.25,18.84,5.77,13467092221.0,12930264721.0,-0.44,-0.66,31.06,27.8
1165,300796,贝斯美,14.46,-0.96,-0.14,14159.0,20606641.96,2.26,14.73,14.4,14.7,14.6,0.82,0.39,49.67,3.14,5222125929.0,5222125929.0,0.0,0.0,-6.47,-10.19
1170,300219,鸿利智汇,7.13,-0.97,-0.07,42612.0,30470385.0,1.39,7.22,7.12,7.17,7.2,1.22,0.6,19.8,1.97,5047637198.0,5038406593.0,0.0,0.0,-7.52,-15.32
1171,300638,广和通,17.3,-0.97,-0.17,65311.0,113704415.09,1.49,17.54,17.28,17.46,17.47,1.1,1.23,21.83,4.32,13248440063.0,9185213162.0,-0.23,-0.29,-11.6,-9.09
1172,300809,华辰装备,27.47,-0.97,-0.27,24339.0,67155118.0,1.84,27.9,27.39,27.73,27.74,1.0,2.06,54.07,4.5,6927274720.0,3248751912.0,0.04,-0.11,9.05,-6.09
1174,300183,东软载波,13.14,-0.98,-0.13,39980.0,52864551.04,1.66,13.33,13.11,13.19,13.27,0.85,1.19,69.05,1.94,6078684060.0,4407824984.0,0.15,-0.08,-12.63,-12.92
1176,300580,贝斯特,28.88,-0.99,-0.29,42747.0,124462234.36,2.33,29.52,28.84,29.0,29.17,0.93,1.34,35.03,3.5,9806506807.0,9222417846.0,-0.14,-0.24,-11.22,-4.62
1180,301031,中熔电气,106.0,-1.0,-1.07,1923.0,20472644.0,2.85,108.06,105.01,105.8,107.07,0.72,0.53,61.66,7.49,7025407262.0,3869190588.0,-0.33,-0.29,-25.12,-18.94
1182,300909,汇创达,27.27,-1.02,-0.28,41783.0,113813772.62,4.72,27.98,26.68,27.01,27.55,1.21,3.9,61.79,2.54,4716973137.0,2919386605.0,-0.47,-0.69,-7.68,-12.32
1183,301312,智立方,71.88,-1.02,-0.74,7567.0,54436940.06,2.46,72.99,71.2,72.39,72.62,0.88,4.65,61.75,3.93,4516015039.0,1169828886.0,-0.06,-0.29,-29.93,-33.65
1185,301487,盟固利,34.64,-1.03,-0.36,24525.0,85318749.06,1.97,35.19,34.5,34.85,35.0,0.96,4.23,198.5,8.03,15921113412.0,2009120000.0,-0.06,-0.03,-19.81,-17.82
1186,300332,天壕能源,6.69,-1.04,-0.07,56796.0,37954163.88,1.92,6.77,6.64,6.76,6.76,1.94,0.68,14.19,1.37,5813371662.0,5573158181.0,0.0,-0.15,-13.34,-15.85
1187,301391,卡莱特,127.66,-1.04,-1.34,2588.0,33158700.52,2.07,129.88,127.21,129.0,129.0,0.71,0.73,59.24,4.05,8680880000.0,4513864578.0,-0.05,-0.18,17.58,11.51
1188,300223,北京君正,66.68,-1.04,-0.7,66156.0,442990543.31,1.9,67.63,66.35,66.66,67.38,1.13,1.59,65.37,2.77,32111081665.0,27725936679.0,0.0,0.02,1.35,3.14
1191,300814,中富电路,33.53,-1.06,-0.36,32896.0,111118626.52,3.01,34.23,33.21,33.5,33.89,1.32,6.48,151.77,5.22,5894439880.0,1703189880.0,-0.09,-0.3,-3.4,-0.5
1195,301363,美好医疗,27.32,-1.09,-0.3,12592.0,34397240.13,2.68,27.78,27.04,27.71,27.62,1.58,1.12,27.77,3.51,11109951200.0,3064211200.0,-0.69,-1.23,-26.38,-25.76
1196,300146,汤臣倍健,17.17,-1.09,-0.19,64201.0,110762983.0,1.44,17.4,17.15,17.3,17.36,1.56,0.57,16.72,2.4,29203124574.0,19401477313.0,-0.06,-0.17,0.59,0.82
1197,300450,先导智能,24.89,-1.11,-0.28,172470.0,432585597.0,2.26,25.4,24.83,25.0,25.17,1.18,1.19,12.58,3.11,38981797916.0,36138417083.0,-0.08,-0.2,5.96,-2.77
1199,300373,扬杰科技,41.51,-1.12,-0.47,46170.0,192968695.37,2.26,42.25,41.3,41.72,41.98,0.96,0.85,27.36,2.85,22540552110.0,22496736147.0,-0.07,-0.14,18.19,13.11
1204,300618,寒锐钴业,24.91,-1.15,-0.29,30471.0,76035733.79,1.47,25.17,24.8,25.07,25.2,1.25,1.12,44.7,1.48,7777744929.0,6790787488.0,-0.04,0.0,-6.91,-11.95
1205,301307,美利信,27.43,-1.15,-0.32,22607.0,62143451.46,1.59,27.73,27.29,27.54,27.75,1.33,4.49,30.88,1.77,5776758000.0,1381859324.0,-0.29,-0.18,-18.58,-20.93
1207,300858,科拓生物,17.99,-1.15,-0.21,17758.0,31796366.9,2.2,18.11,17.71,18.02,18.2,2.36,0.93,49.37,2.77,4740277173.0,3447217049.0,-0.17,-0.5,-6.88,-6.79
1210,300536,农尚环境,21.15,-1.17,-0.25,36790.0,77860423.75,3.04,21.55,20.9,21.36,21.4,1.19,1.25,36229.68,9.83,6203044013.0,6202306026.0,0.0,-0.24,0.52,-6.42
1212,300161,华中数控,33.54,-1.18,-0.4,33993.0,114552526.6,1.86,34.13,33.5,33.59,33.94,0.91,2.01,-148.67,4.14,6664294227.0,5660281605.0,-0.33,-0.33,-7.32,-6.57
1213,300693,盛弘股份,31.4,-1.2,-0.38,47776.0,151334453.83,2.36,32.07,31.32,32.01,31.78,1.26,1.93,24.0,6.68,9711822965.0,7773022052.0,-0.06,-0.13,18.36,4.98
1217,300620,光库科技,56.87,-1.22,-0.7,151061.0,873932344.06,3.84,58.89,56.68,57.43,57.57,1.8,6.24,224.1,8.29,13950814220.0,13777440338.0,0.25,-0.46,19.47,25.54
1218,300353,东土科技,10.56,-1.22,-0.13,155595.0,164717950.95,2.34,10.72,10.47,10.53,10.69,1.62,2.98,-31.31,3.8,6493268823.0,5514458896.0,0.0,-0.28,5.81,9.09
1223,300503,昊志机电,16.61,-1.25,-0.21,86830.0,144922689.0,1.9,16.87,16.55,16.65,16.82,0.87,4.12,-127.31,3.96,5083869806.0,3499390349.0,-0.06,-0.18,-6.0,-10.55
1226,300926,博俊科技,27.63,-1.25,-0.35,20166.0,56233437.48,2.47,28.29,27.6,28.02,27.98,1.26,0.79,31.82,5.35,7704060190.0,7068862516.0,-0.32,-0.32,-5.34,-5.8
1228,301155,海力风电,52.89,-1.27,-0.68,10030.0,53568170.6,2.2,53.98,52.8,53.7,53.57,0.65,1.13,132.56,2.05,11497835271.0,4697122925.0,-0.32,-0.09,-4.87,-10.58
1229,300129,泰胜风能,8.55,-1.27,-0.11,92048.0,79175808.11,1.96,8.7,8.53,8.66,8.66,0.73,1.42,25.39,1.89,7993388434.0,5546967913.0,0.0,-0.12,-7.47,-20.61
1230,301559,中集环科,16.89,-1.29,-0.22,16781.0,28419334.22,1.34,17.08,16.85,17.08,17.11,2.5,1.99,17.01,2.17,10134000000.0,1427313400.0,-0.06,-0.06,-8.8,-10.45
1233,300990,同飞股份,39.29,-1.31,-0.52,16590.0,65744568.1,2.69,40.28,39.21,39.64,39.81,1.24,3.94,35.24,3.87,6619579200.0,1654894800.0,-0.13,-0.05,-5.28,-11.73
1234,300131,英唐智控,5.28,-1.31,-0.07,371251.0,196293644.79,1.68,5.34,5.25,5.3,5.35,1.82,3.61,116.39,3.51,6006512609.0,5430288288.0,0.19,-0.19,-12.44,-12.15
1235,301297,富乐德,23.29,-1.31,-0.31,78655.0,183882330.0,2.37,23.68,23.12,23.66,23.6,2.08,5.68,92.6,5.62,7881103100.0,3223103100.0,-0.17,-0.09,-14.19,-13.61
1238,300779,惠城环保,40.44,-1.37,-0.56,7644.0,31110339.0,3.2,41.56,40.25,41.22,41.0,1.32,0.72,30.87,4.41,5609847719.0,4264765317.0,-0.1,-0.25,-15.4,-21.63
1240,300115,长盈精密,10.75,-1.38,-0.15,100901.0,109602113.6,2.39,11.0,10.74,10.85,10.9,1.03,0.84,151.01,2.23,12941727824.0,12899566625.0,-0.28,-0.37,-10.79,-18.87
1241,300480,光力科技,19.13,-1.39,-0.27,22492.0,43194780.26,1.55,19.39,19.09,19.26,19.4,0.82,0.91,67.74,4.54,6737315081.0,4730337961.0,-0.1,-0.16,-10.23,-10.4
1242,301071,力量钻石,35.49,-1.42,-0.51,43064.0,153877868.38,3.0,36.38,35.3,36.02,36.0,1.08,3.28,26.35,1.74,9237064388.0,4660398345.0,0.11,0.34,11.85,9.88
1249,301589,诺瓦星云,477.98,-1.46,-7.1,2908.0,140117589.0,2.6,488.6,476.0,482.82,485.08,1.34,3.78,40.39,6.71,24549052800.0,3681444978.0,-0.11,-0.4,276.69,276.69
1251,300255,常山药业,12.71,-1.47,-0.19,307455.0,386509686.25,2.95,12.79,12.41,12.69,12.9,1.32,3.36,-22.56,4.38,11681263759.0,11640388145.0,-0.63,0.0,-14.01,-2.31
1254,300276,三丰智能,4.62,-1.49,-0.07,376385.0,174613168.37,2.56,4.7,4.58,4.66,4.69,1.08,3.79,126.87,3.35,6472818614.0,4585374699.0,-0.22,-0.22,15.21,14.93
1257,300345,华民股份,8.35,-1.53,-0.13,19755.0,16607499.0,3.42,8.62,8.33,8.47,8.48,0.93,0.45,-31.23,5.4,4823637152.0,3696303652.0,-0.12,-0.12,12.99,8.44
1260,301162,国能日新,49.22,-1.56,-0.78,8571.0,42125403.74,1.7,49.6,48.75,49.4,50.0,0.77,1.42,70.7,4.73,4885069348.0,2980759016.0,-0.14,0.04,1.88,-5.13
1262,300113,顺网科技,13.17,-1.57,-0.21,154197.0,204742803.06,2.09,13.44,13.16,13.25,13.38,1.87,2.92,43.61,4.62,9143762951.0,6965891348.0,-0.08,-0.15,-14.26,-5.93
1263,300228,富瑞特装,8.15,-1.57,-0.13,128092.0,106497128.62,4.95,8.55,8.14,8.27,8.28,1.51,2.36,89.74,2.65,4689561744.0,4424620322.0,0.12,0.0,17.77,14.79
1264,300702,天宇股份,17.45,-1.58,-0.28,23729.0,41385528.0,2.88,17.81,17.3,17.63,17.73,2.87,1.12,66.2,1.72,6072201425.0,3684820228.0,-0.46,-0.57,-21.11,-19.62
1265,301315,威士顿,62.86,-1.58,-1.01,17553.0,110855264.53,1.97,63.88,62.62,63.24,63.87,1.31,7.98,159.15,5.66,5531680000.0,1382920000.0,-0.25,-0.52,13.96,18.92
1268,300628,亿联网络,27.07,-1.6,-0.44,34341.0,93478238.64,2.07,27.57,27.0,27.4,27.51,1.54,0.47,16.91,4.2,34211477518.0,19572126875.0,-0.07,-0.07,-8.08,-8.39
1269,300590,移为通信,9.82,-1.6,-0.16,42016.0,41321775.4,2.1,9.97,9.76,9.91,9.98,1.75,1.19,34.41,2.59,4505525100.0,3468438612.0,-0.1,-0.1,-13.1,-18.23
1271,301558,三态股份,12.2,-1.61,-0.2,86503.0,105245817.34,1.45,12.27,12.09,12.12,12.4,2.03,7.78,67.28,6.91,9623984921.0,1357028631.0,0.16,0.08,-22.88,-18.12
1274,300502,新易盛,75.79,-1.65,-1.27,217136.0,1670964962.35,3.97,78.58,75.52,76.98,77.06,1.07,3.52,77.91,9.84,53804762981.0,46809258974.0,0.07,0.0,46.6,53.67
1275,301383,天键股份,44.38,-1.68,-0.76,16175.0,72251492.61,3.01,45.54,44.18,44.54,45.14,1.7,5.57,35.29,2.81,5161837800.0,1289682800.0,-0.05,-0.18,-21.51,-31.72
1277,301101,明月镜片,30.23,-1.69,-0.52,5174.0,15792982.0,3.35,31.25,30.22,31.25,30.75,1.74,0.72,37.32,3.93,6091710783.0,2160480663.0,-0.23,-0.33,-21.77,-27.78
1280,301035,润丰股份,69.94,-1.73,-1.23,1646.0,11587718.1,1.77,71.17,69.91,71.17,71.17,0.8,0.18,20.26,3.0,19489626854.0,6248795525.0,0.01,0.0,0.69,-0.09
1281,300128,锦富技术,4.47,-1.76,-0.08,156001.0,70523424.05,3.74,4.62,4.45,4.55,4.55,1.76,1.43,-43.89,4.53,5807045892.0,4889548666.0,-0.22,-0.22,0.9,-3.04
1282,300203,聚光科技,15.53,-1.77,-0.28,28259.0,44069157.66,3.35,15.93,15.4,15.78,15.81,0.58,0.63,-29.66,2.28,6968894928.0,6964818303.0,-0.26,-0.51,-3.48,-2.02
1284,300199,翰宇药业,13.18,-1.79,-0.24,300266.0,393457626.68,2.76,13.33,12.96,13.23,13.42,1.51,4.51,-48.36,10.35,11641120808.0,8778325655.0,-0.3,-0.08,-7.57,-2.95
1285,300957,贝泰妮,66.35,-1.79,-1.21,19142.0,127860845.8,2.68,67.8,65.99,67.1,67.56,1.47,0.88,36.39,4.83,28105860000.0,14424072725.0,-0.2,-0.29,2.87,-2.67
1289,300832,新产业,80.52,-1.82,-1.49,8611.0,69770671.3,1.82,82.0,80.51,82.0,82.01,1.62,0.12,39.98,8.91,63266076568.0,56234935458.0,-0.11,-0.16,8.14,2.97
1292,300569,天能重工,5.35,-1.83,-0.1,131479.0,70491117.27,2.39,5.43,5.3,5.34,5.45,2.41,1.41,20.03,1.0,5471305970.0,4997756193.0,0.0,-0.19,-21.09,-25.17
1293,300893,松原股份,30.64,-1.86,-0.58,10007.0,30702563.72,2.69,31.22,30.38,31.22,31.22,1.58,0.89,44.27,7.06,6912384000.0,3447237950.0,-0.68,-0.87,9.31,4.82
1296,301191,菲菱科思,95.96,-1.89,-1.85,15927.0,153874938.63,2.93,98.62,95.75,97.1,97.81,1.52,6.09,41.08,4.04,6654058320.0,2508339223.0,0.11,-0.26,1.9,4.08
1297,300919,中伟股份,54.76,-1.9,-1.06,19649.0,108467088.88,2.36,56.03,54.71,55.78,55.82,0.9,0.3,19.84,1.97,36679567880.0,36420313451.0,-0.24,-0.13,24.48,11.46
1298,300811,铂科新材,57.48,-1.91,-1.12,21200.0,123463893.0,3.72,59.46,57.28,58.25,58.6,1.13,1.31,45.39,6.27,11430303119.0,9290484928.0,0.02,-0.1,10.56,8.72
1299,301568,思泰克,44.07,-1.91,-0.86,25587.0,112343322.48,2.94,44.8,43.48,43.81,44.93,0.98,10.45,40.94,4.61,4550597688.0,1079164213.0,0.39,0.18,-3.61,-3.4
1300,300979,华利集团,56.8,-1.92,-1.11,7521.0,42912813.72,2.69,57.96,56.4,57.83,57.91,0.9,0.51,20.72,4.39,66285600000.0,8297193480.0,0.16,0.18,9.31,7.9
1301,301061,匠心家居,57.17,-1.92,-1.12,2697.0,15465552.2,3.26,58.9,57.0,58.3,58.29,0.94,0.84,17.01,2.51,7317760000.0,1829440000.0,-0.56,-0.49,27.75,14.91
1302,300045,华力创通,25.5,-1.92,-0.5,419522.0,1069454000.11,3.08,25.87,25.07,25.4,26.0,1.37,8.51,1907.08,9.79,16898218518.0,12566932976.0,-0.08,-0.12,18.11,4.81
1303,300360,炬华科技,16.8,-1.93,-0.33,66184.0,112092054.22,2.51,17.21,16.78,17.06,17.13,1.82,1.34,14.51,2.48,8556485717.0,8322266602.0,-0.12,0.12,28.44,22.99
1304,300997,欢乐家,15.14,-1.94,-0.3,21117.0,31815540.6,2.85,15.36,14.92,15.34,15.44,1.95,2.41,23.9,4.55,6775150000.0,1324750000.0,0.0,-0.07,7.3,8.38
1305,300042,朗科科技,33.93,-1.99,-0.69,31091.0,106601300.0,2.86,34.85,33.86,34.8,34.62,1.36,1.71,-138.58,5.98,6799572000.0,6161926596.0,-0.03,-0.21,-5.65,-3.06
1306,300857,协创数据,61.5,-2.01,-1.26,58073.0,359461667.77,4.48,63.58,60.77,62.99,62.76,1.36,2.38,57.43,6.44,14993764329.0,14993764329.0,0.08,0.05,22.51,16.06
1307,300777,中简科技,25.3,-2.01,-0.52,47351.0,121667563.0,3.37,26.16,25.29,26.0,25.82,1.68,1.12,34.07,2.76,11124600686.0,10720692435.0,-0.12,-0.2,-9.9,-15.19
1310,301413,安培龙,63.5,-2.1,-1.36,5616.0,35966697.88,2.31,64.8,63.3,64.7,64.86,0.82,3.48,59.14,4.26,4806558523.0,1025367393.0,-0.22,-0.33,-31.72,-14.42
1311,300712,永福股份,25.55,-2.11,-0.55,20191.0,51882230.5,2.87,26.18,25.43,26.11,26.1,1.06,1.08,118.24,3.51,4791801194.0,4767361981.0,-0.35,-0.23,4.8,-4.66
1312,300633,开立医疗,42.62,-2.2,-0.96,21672.0,92818423.74,2.55,43.61,42.5,43.6,43.58,1.33,0.5,42.94,6.0,18354421697.0,18354421697.0,-0.19,-0.33,-11.76,-9.89
1313,300782,卓胜微,111.32,-2.23,-2.54,28178.0,317927985.92,3.06,114.66,111.18,113.8,113.86,1.22,0.63,51.02,6.03,59424308732.0,49516980572.0,-0.13,-0.19,-20.66,-21.05
1314,300122,智飞生物,49.27,-2.24,-1.13,130034.0,640607504.28,2.74,50.18,48.8,50.01,50.4,1.69,0.92,13.58,3.95,118248000000.0,69988942209.0,-0.3,-0.42,-18.95,-19.37
1316,301500,飞南资源,20.48,-2.29,-0.48,37598.0,76767271.64,2.77,20.78,20.2,20.5,20.96,1.23,10.01,36.45,1.88,8192204800.0,769390940.0,-0.34,-0.39,-1.01,-5.49
1318,301141,中科磁业,51.55,-2.31,-1.22,22947.0,118833958.81,3.11,52.72,51.08,51.97,52.77,1.34,10.71,89.86,3.63,4567057713.0,1104298636.0,-0.15,0.08,11.82,10.76
1323,301368,丰立智能,51.82,-2.43,-1.29,58082.0,304819346.48,3.62,53.72,51.8,52.38,53.11,1.13,9.06,157.65,6.38,6223582000.0,3322773021.0,-0.1,-0.35,33.8,9.93
1324,300077,国民技术,10.8,-2.44,-0.27,168525.0,182891517.76,2.89,11.04,10.72,10.89,11.07,2.15,2.98,-13.71,4.42,6424282800.0,6113522520.0,-0.09,-0.09,-4.93,-4.34
1326,300661,圣邦股份,70.91,-2.53,-1.84,8721.0,62741470.96,3.27,73.18,70.8,72.67,72.75,0.99,0.19,175.01,9.04,33144854523.0,31760272883.0,-0.06,-0.14,-14.8,-20.33
1327,301339,通行宝,18.48,-2.53,-0.48,88468.0,163570662.3,3.32,18.85,18.22,18.4,18.96,3.63,7.37,36.32,2.95,7521360000.0,2218403473.0,-0.11,-0.11,-12.25,-8.42
1330,300044,赛为智能,6.02,-2.59,-0.16,471348.0,284898145.86,2.27,6.13,5.99,6.09,6.18,1.59,6.88,199.15,5.61,4598492753.0,4122586986.0,0.0,-0.5,-14.97,3.61
1331,300210,森远股份,12.76,-2.6,-0.34,226103.0,291382575.66,3.66,13.18,12.7,12.79,13.1,1.27,4.67,-130.7,11.58,6178646600.0,6171606985.0,-0.62,-0.78,8.5,29.28
1333,301510,固高科技,42.95,-2.61,-1.15,71974.0,309439384.83,6.58,44.9,42.0,42.66,44.1,1.62,19.61,441.88,13.92,17180429500.0,1576594298.0,-0.3,0.09,19.14,19.34
1334,300866,安克创新,83.1,-2.61,-2.23,10686.0,89721666.0,3.4,85.76,82.86,85.23,85.33,1.6,0.48,20.88,4.46,33774100902.0,18530823089.0,0.04,-0.01,-3.48,-6.21
1336,300389,艾比森,18.25,-2.67,-0.5,41369.0,76345359.83,4.96,19.04,18.11,18.66,18.75,2.76,1.8,20.58,4.59,6640333146.0,4189889604.0,-0.44,-0.44,25.43,5.25
1338,300408,三环集团,25.95,-2.7,-0.72,76978.0,202738916.1,4.46,27.09,25.9,26.78,26.67,2.19,0.42,32.66,2.8,49733106777.0,47849083710.0,-0.04,0.04,-10.76,-11.88
1340,300570,太辰光,43.56,-2.72,-1.22,146516.0,650833852.32,4.13,45.25,43.4,44.44,44.78,1.8,7.57,71.68,7.5,10018660608.0,8434276686.0,-0.09,-0.02,10.95,11.55
1341,301236,软通动力,51.74,-2.74,-1.46,350499.0,1843382116.44,3.55,53.55,51.66,52.6,53.2,1.34,5.15,104.96,4.77,49305176498.0,35199518227.0,-0.75,-0.96,25.31,11.99
1344,301183,东田微,56.74,-2.94,-1.72,65069.0,373826991.87,5.46,59.2,56.01,58.46,58.46,1.05,14.12,-236.57,5.56,4539200000.0,2615033120.0,-0.46,-0.61,31.71,32.14
1345,301488,豪恩汽电,55.26,-2.97,-1.69,14471.0,80410269.64,2.35,56.35,55.01,55.51,56.95,1.13,6.85,55.15,4.21,5083920000.0,1168137824.0,-0.31,-0.11,-21.28,-20.65
1349,300430,诚益通,18.27,-3.44,-0.65,50702.0,92969004.34,2.85,18.7,18.16,18.5,18.92,1.07,1.96,29.32,2.38,4991073434.0,4725423304.0,-0.6,-0.11,28.48,27.85
1350,300896,爱美客,340.66,-3.47,-12.25,24186.0,830592667.38,4.35,354.0,338.64,353.0,352.91,2.64,1.62,39.66,11.61,73705197600.0,50838789244.0,-0.27,-0.45,21.87,15.74
1357,301285,鸿日达,25.15,-4.01,-1.05,29068.0,73516701.0,4.24,26.11,25.0,25.93,26.2,1.07,3.76,159.55,4.89,5197750500.0,1941826671.0,-0.12,-0.2,69.36,57.38
1358,300466,赛摩智能,10.1,-4.08,-0.43,299335.0,305248644.97,5.13,10.5,9.96,10.4,10.53,1.25,7.13,394.15,6.15,5408852071.0,4241861196.0,-0.49,-0.1,30.49,40.67
1360,300496,中科创达,63.23,-4.25,-2.81,207533.0,1312753753.54,3.23,64.13,62.0,63.49,66.04,2.64,5.66,62.39,3.04,29086324430.0,23193457696.0,-0.09,-0.14,-23.25,-21.02
1362,300354,东华测试,45.02,-4.82,-2.28,36995.0,165330212.22,4.69,45.88,43.66,44.94,47.3,3.27,4.63,56.73,9.36,6227175449.0,3600095522.0,-0.16,-0.18,-9.91,-9.36
1363,300280,紫天科技,39.7,-5.02,-2.1,88268.0,362100848.16,7.58,42.18,39.01,41.38,41.8,2.23,5.5,23.47,2.43,6434010037.0,6370824509.0,-0.48,-1.19,-16.17,-7.09
1364,300398,飞凯材料,13.55,-5.11,-0.73,275429.0,374338855.48,4.9,13.85,13.15,13.41,14.28,3.64,5.24,25.54,1.9,7163297323.0,7119155854.0,-0.44,-0.29,-13.64,-14.02
1367,301202,朗威股份,40.6,-6.45,-2.8,74065.0,305842508.63,4.93,42.35,40.21,42.35,43.4,1.26,21.72,95.55,4.54,5537840000.0,1384460000.0,-0.05,0.07,26.17,26.36
1368,301246,宏源药业,20.09,-10.23,-2.29,169727.0,331423085.62,5.76,20.2,18.91,19.0,22.38,45.52,11.43,62.59,1.84,8036136612.0,2983394412.0,0.0,-0.05,-22.13,-22.67
